INSERT INTO course (course_id, name, description, alternate_name, identifier, withdrawn, audience,
                    audience_colour, list_display_name, version, display_on_programme_directory, intensity)
VALUES ('bee96044-45fb-4ba4-93a4-19e5f71c8f15', 'New Me MOT',
        'New Me MOT (NMMOT) is not an Accredited Programme, but is for men who have already completed Becoming New Me Plus, Kaizen, Healthy Sex Programme, Horizon, iHorizon, New Me Strengths, the Cognitive Self-Change Programme or the Self-Change Programme. It offers support throughout a person’s sentence, set out as a series of short exercises. These are completed with support from the person’s Prison Offender Manager in custody or their Probation Practitioner in the community. This gives them the chance to practise skills in different contexts, generalising and maintaining their learning from the Accredited Programme.',
        '', 'LEG-07', false, 'All offences', 'light-blue', NULL, 0, true, 'HIGH MODERATE'),
       ('bb7e2591-20ae-4426-b0f2-ccccd7c49a40', 'Kaizen',
        'Kaizen uses a unified approach, focusing on the needs of participants. It is inclusive and effective for a range of responsivity needs, including difficulties with engagement, therapeutic relationships and denial. This strand is for men convicted of a general violence offence.',
        '', 'K-VO', false, 'General violence offence', 'yellow', 'Kaizen: general violence', 0, true, 'HIGH'),
       ('5d29f8b5-7673-4366-af67-a84138461cc6', 'Kaizen',
        'Kaizen uses a unified approach, focusing on the needs of participants. It is inclusive and effective for a range of responsivity needs, including difficulties with engagement, therapeutic relationships and denial. This strand is for men convicted of an intimate partner violence offence.',
        '', 'K-IPVO', false, 'Intimate partner violence offence', 'green', 'Kaizen: intimate partner violence', 0, true,
        'HIGH'),
       ('6491488f-8025-44d8-8c51-a06e41564232', 'Kaizen',
        'Kaizen uses a unified approach, focusing on the needs of participants. It is inclusive and effective for a range of responsivity needs, including difficulties with engagement, therapeutic relationships and denial. This strand is for men convicted of a sexual offence.',
        '', 'K-SO', false, 'Sexual offence', 'orange', 'Kaizen: sexual offence', 0, true, 'HIGH'),
       ('5586e1f3-ae72-44d0-b047-f1e3dc69198b', 'New Me Strengths',
        'This is a cognitive-behavioural programme for groups of men who have been convicted for violence offences, including sexual and intimate partner violent offences, and are assessed as having a medium risk or above of reconviction. This programme is suitable for both custody and community delivery and is the LDC alternative for the Thinking Skills Programme (TSP), Horizon, and Building Better Relationships (BBR).',
        'NMS', 'NMS-AO', true, 'General violence offence', 'yellow', 'New Me Strengths: general violence', 0, true,
        'MODERATE'),
       ('49de3ece-aaed-4309-976f-d2b223099d67', 'Healthy Sex Programme',
        'Healthy Sex Programme (HSP) is a follow-up programme for men who have completed Kaizen, Becoming New Me Plus, Horizon, or New Me Strengths. It uses cognitive behavioural therapy and is aimed at men convicted of a sexual offence, or an offence with a sexual element.',
        'HSP', 'HSP-SO', false, 'Sexual offence', 'orange', NULL, 0, true, 'HIGH'),
       ('65c8d904-5be1-4a7e-9b19-de7b217467fd', 'Healthy Identity Intervention',
        'Healthy Identity Intervention (HII) targets the social and psychological drivers of extremist offending. It helps participants disengage from extremist groups, causes, or ideologies and to reconnect with their own personal  and beliefs.',
        'HII', 'HII-EO', false, 'Extremism offence', 'turquoise', NULL, 0, true, 'HIGH'),

       ('ee15fc84-a7a1-4e0b-94aa-f353828d246d', 'Identity Matters',
        'Identity Matters (IM) is for men whose offending was motivated or enabled by their affiliation to a particular group. It aims to change the nature of their relationship to the group and helps them develop skills to resist peer influence.',
        'IM', 'IM-GO', false, 'Gang-related offence', 'purple', NULL, 0, true, 'MODERATE'),

       ('8bdf26a2-c394-470e-a6d3-6d64c79eddd0', 'Building Better Relationships',
        'Building Better Relationships (BBR) uses cognitive behavioural therapy. It is for men convicted of an intimate partner violence-related (IPV) offence against a female partner.',
        'BBR', 'BBR-IPVO', false, 'Intimate partner violence offence', 'green', NULL, 0, true, 'MODERATE'),

       ('cfe356ed-788c-49a3-bb3c-f1ee1a8012da', 'Horizon',
        'Horizon is for men convicted of a sexual or sexually-motivated offence who are medium risk or above. It helps address problematic factors and how they contribute to behaviour.',
        '', 'H-SO', false, 'Sexual offence', 'orange', NULL, 0, true, 'MODERATE'),

       ('26674d15-3ab0-4ecc-a7e5-dd07ed53a0ee', 'Controlling Anger and Learning to Manage it', 'Legacy Course', NULL,
        'LEG-01', true, 'Legacy Course', NULL, NULL, 0, true, NULL),

       ('a43b5751-d67a-4d62-b3d0-6849bafc74b9', 'Core Sex Offender Treatment Programme', 'Legacy Course', NULL,
        'LEG-02', true, 'Legacy Course', NULL, NULL, 0, true, NULL),

       ('25f39d40-2383-43ff-9f9b-18c4c203d82d', 'Enhanced Thinking Skills', 'Legacy Course', NULL, 'LEG-03', true,
        'Legacy Course', NULL, NULL, 0, true, NULL),

       ('45c9f360-fba7-4946-bc90-5ec906ee3bfe', 'Healthy Relationships Programme', 'Legacy Course', NULL, 'LEG-04',
        true, 'Legacy Course', NULL, NULL, 0, true, NULL),

       ('be19ba81-d51c-4d86-8ef9-fcf2c5463315', 'iSex Offender Treatment Programme', 'Legacy Course', NULL, 'LEG-05',
        true, 'Legacy Course', NULL, NULL, 0, true, NULL),

       ('6d9e8916-8ad2-410b-a349-f17c3c404ae8', 'New Me Strengths',
        'New Me Strengths (NMS) is a cognitive-behavioural programme for men at medium risk of reconviction. In a custody setting, it is for men convicted of any offence. In the community, it is for sexual offences only. It helps people recognise the impact and consequences of offending and avoid activities that encourage offending behaviours.',
        'NMS', 'NMS-IPVO', false, 'Intimate partner violence offence', 'green',
        'New Me Strengths: intimate partner violence', 0, true, 'MODERATE'),

       ('56eaee07-ae91-4b21-9fae-a4c96c359481', 'Control of Violence for Angry Impulsive Drinkers',
        'Control of Violence for Angry Impulsive Drinkers (COVAID) is a cognitive-behavioural programme for people who are violent under the influence of alcohol. It encourages them to understand their behaviour and practise skills for change. It combines 10 group sessions with individual support sessions.',
        'COVAID', 'MZKDRHYKWR', false, 'General violence offence', 'yellow', NULL, 3, true, 'MODERATE'),

       ('79f843a4-d14c-49f4-8e37-a6f2de5d6b28', 'Identity Matters',
        'For men whose offending is due to an affiliation to a particular group, and who are high or very high risk of harm. The programme encourages participants to question their commitment to the group and the individuals within it and offers them the opportunity to develop skills to resist peer influence.',
        'IM', 'IM-EO', true, 'Extremism offence', 'turquoise', NULL, 0, true, 'MODERATE'),

       ('b2177e1a-9077-4b18-9394-1c30187c0806', 'New Me Strengths',
        'New Me Strengths (NMS) is a cognitive-behavioural programme for men at medium risk of reconviction. In a custody setting, it is for men convicted of any offence. In the community, it is for sexual offences only. It helps people recognise the impact and consequences of offending and avoid activities that encourage offending behaviours.',
        'NMS', 'NMS-VO', false, 'General violence offence', 'yellow', 'New Me Strengths: general violence', 0, true,
        'MODERATE'),

       ('6c5ddecb-e972-46d2-8d0b-43b03a6c01fd', 'New Me Strengths',
        'New Me Strengths (NMS) is a cognitive-behavioural programme for men at medium risk of reconviction. In a custody setting, it is for men convicted of any offence. In the community, it is for sexual offences only. It helps people recognise the impact and consequences of offending and avoid activities that encourage offending behaviours.',
        'NMS', 'NMS-SO', false, 'Sexual offence', 'orange', NULL, 0, true, 'MODERATE'),

       ('d6fb295c-5a64-49f9-9dc3-687a96398074', 'Resolve', 'Legacy Course', NULL, 'LEG-08', true, 'Legacy Course', NULL,
        NULL, 0, true, NULL),

       ('e6a00b14-0588-46a4-a16e-a5e666e97737', 'Self Change Programme', 'Legacy Course', NULL, 'LEG-09', true,
        'Legacy Course', NULL, NULL, 0, true, NULL),

       ('f925d6c5-d1be-4246-88ba-91bf77dbd161', 'Sex Offender Treatment Programme', 'Legacy Course', NULL, 'LEG-10',
        true, 'Legacy Course', NULL, NULL, 0, true, NULL),

       ('f82bad35-33ae-46b8-93d0-4ffbeb9a2bed', 'Thinking Skills Programme', 'Thinking Skills Programme (TSP) helps men and women to develop skills in pro-social problem solving, perspective taking, developing and managing relationships, and self-management.
Suitable for all offences – for sexual offences, consider Horizon or Kaizen first.', 'TSP', 'TSP-AO', false,
        'All offences', 'light-blue', NULL, 0, true, 'MODERATE'),

       ('fec1bb70-7bb5-4eb9-b55a-1155fde4010f', 'iHorizon', 'Legacy Course', NULL, 'LEG-06', true, 'Legacy Course',
        NULL, NULL, 0, true, 'MODERATE'),

       ('6d89302b-8d8f-4df3-924c-8776212ee7a5', 'Living as New Me',
        'Living as New Me (LNM) is a booster or maintenance programme for men who have completed New Me Strengths or Becoming New Me Plus and may need extra support. In a custody setting, it is for men convicted of any offence. In the community, it is for sexual offences only.',
        'LNM', 'LNM-SO', false, 'All offences', 'light-blue', NULL, 0, true, 'HIGH MODERATE'),

       ('2be8daf4-f23c-43bc-9e3c-884878eba285', 'Becoming New Me Plus',
        'Becoming New Me Plus (BNM+) uses cognitive behavioural therapy. It is for men who are at high or very high risk of reoffending. This strand is for men convicted of a general violence offence.',
        'BNM+', 'BNM-VO', false, 'General violence offence', 'yellow', 'Becoming New Me Plus: general violence', 0,
        true, 'HIGH'),

       ('b4af1bbc-1b30-434a-8edc-ae4880c05def', 'Becoming New Me Plus',
        'Becoming New Me Plus (BNM+) uses cognitive behavioural therapy. It is for men who are at high or very high risk of reoffending. This strand is for men convicted of an intimate partner violence offence.',
        'BNM+', 'BNM-IPVO', false, 'Intimate partner violence offence', 'green',
        'Becoming New Me Plus: intimate partner violence', 0, true, 'HIGH'),

       ('afaa1816-d15b-4d3b-a1aa-22d2486ac38e', 'Becoming New Me Plus',
        'Becoming New Me Plus (BNM+) uses cognitive behavioural therapy. It is for men who are at high or very high risk of reoffending. This strand is for men convicted of a sexual offence.',
        'BNM+', 'BNM-SO', false, 'Sexual offence', 'orange', 'Becoming New Me Plus: sexual offence', 0, true, 'HIGH'),

       ('f925d6c5-d1be-4246-88ba-91bf77dbd101', 'Building Choices: high intensity',
        'Building Choices helps people to develop skills for change and future-focused goals. It is a cognitive-behavioural programme, combining group and one-to-one sessions. It develops skills such as emotion management, healthy thinking, healthy relationships, sense of purpose and healthy sex. This is the high intensity pathway, including Getting Ready.',
        NULL, 'BCH-1', false, 'Sexual offence', 'orange', 'Building Choices: high intensity', 0, true, 'HIGH'),

       ('f925d6c5-d1be-4246-88ba-91bf77dbd102', 'Building Choices: high intensity',
        'Building Choices helps people to develop skills for change and future-focused goals. It is a cognitive-behavioural programme, combining group and one-to-one sessions. It develops skills such as emotion management, healthy thinking, healthy relationships, sense of purpose and healthy sex. This is the high intensity pathway, including Getting Ready.',
        NULL, 'BCH-2', false, 'General offence', 'light-blue', 'Building Choices: high intensity', 0, false, 'HIGH'),

       ('f925d6c5-d1be-4246-88ba-91bf77dbd201', 'Building Choices: moderate intensity',
        'Building Choices helps people to develop skills for change and future-focused goals. It is a cognitive-behavioural programme, combining group and one-to-one sessions. It develops skills such as emotion management, healthy thinking, healthy relationships, sense of purpose and healthy sex. This is the moderate intensity pathway.',
        NULL, 'BCM-1', false, 'Sexual offence', 'orange', 'Building Choices: moderate intensity', 0, true, 'MODERATE'),

       ('f925d6c5-d1be-4246-88ba-91bf77dbd202', 'Building Choices: moderate intensity',
        'Building Choices helps people to develop skills for change and future-focused goals. It is a cognitive-behavioural programme, combining group and one-to-one sessions. It develops skills such as emotion management, healthy thinking, healthy relationships, sense of purpose and healthy sex. This is the moderate intensity pathway.',
        NULL, 'BCM-2', false, 'General offence', 'light-blue', 'Building Choices: moderate intensity', 0, false,
        'MODERATE');

INSERT INTO prerequisite (course_id, name, description)
VALUES ('f925d6c5-d1be-4246-88ba-91bf77dbd102', 'Risk criteria pre',
        'High or very high in at least one of these areas:'),
       ('f82bad35-33ae-46b8-93d0-4ffbeb9a2bed', 'Need requirements', '11.7 - Awareness of consequences'),
       ('f82bad35-33ae-46b8-93d0-4ffbeb9a2bed', 'Time to complete', 'At least 6 months'),
       ('f82bad35-33ae-46b8-93d0-4ffbeb9a2bed', 'Need requirements',
        '2.6 - Recognises the impact and consequences of offending on victim, community / wider society'),
       ('f82bad35-33ae-46b8-93d0-4ffbeb9a2bed', 'Need requirements', '11.6 - Problem solving'),
       ('f82bad35-33ae-46b8-93d0-4ffbeb9a2bed', 'Criminogenic needs', ''),
       ('f82bad35-33ae-46b8-93d0-4ffbeb9a2bed', 'Gender', 'Male or female'),
       ('f82bad35-33ae-46b8-93d0-4ffbeb9a2bed', 'Responsivity requirements',
        'Reasonable adjustments should be made to support individuals with reading and writing difficulties through the programme.'),
       ('f82bad35-33ae-46b8-93d0-4ffbeb9a2bed', 'Responsivity requirements',
        'Potential individuals should have enough time on their sentence or Order to complete all programme sessions and the post programme review.'),
       ('f82bad35-33ae-46b8-93d0-4ffbeb9a2bed', 'Need requirements', '7.2 - Regular activities encourage offending'),
       ('f82bad35-33ae-46b8-93d0-4ffbeb9a2bed', 'Equivalent LDC programme', 'New Me Strengths'),
       ('f82bad35-33ae-46b8-93d0-4ffbeb9a2bed', 'Setting', 'Custody or community'),
       ('f82bad35-33ae-46b8-93d0-4ffbeb9a2bed', 'Need requirements', '11.9 - Understands other people’s point of view'),
       ('f82bad35-33ae-46b8-93d0-4ffbeb9a2bed', 'Suitable for people with learning disabilities or challenges (LDC)?',
        'No'),
       ('f82bad35-33ae-46b8-93d0-4ffbeb9a2bed', 'Need requirements', '12.1 - Pro-criminal attitudes'),
       ('f82bad35-33ae-46b8-93d0-4ffbeb9a2bed', 'Suitable for all offences',
        'for sexual offences, consider Horizon or Kaizen first.'),
       ('f82bad35-33ae-46b8-93d0-4ffbeb9a2bed', 'Risk criteria',
        '50+ OGRS3 (Offender Group Reconviction Scale 3) over 2 years'),
       ('f82bad35-33ae-46b8-93d0-4ffbeb9a2bed', 'Need requirements',
        'The TSP Needs Assessment Tool (Where Need for the programme is evidenced by a total score of 5 or more)'),
       ('f82bad35-33ae-46b8-93d0-4ffbeb9a2bed', 'Need requirements', '11.4 - Temper control'),
       ('f82bad35-33ae-46b8-93d0-4ffbeb9a2bed', 'Responsivity requirements',
        'TSP is inclusive of people who are maintaining their innocence and who recognise problematic areas of their lives. '),
       ('f82bad35-33ae-46b8-93d0-4ffbeb9a2bed', 'Responsivity requirements',
        'Delivery teams should consider protected characteristics throughout programme delivery and must make all reasonable adjustments to ensure that TSP is accessible to all those suitable based on risk on need who could potentially benefit.  This will ensure that session delivery is inclusive, relevant and engaging for all participants.'),
       ('f82bad35-33ae-46b8-93d0-4ffbeb9a2bed', 'Responsivity requirements',
        'For some potential individuals with identified mental illness, or personality disorder it might not be the right time for them to participate.'),
       ('f82bad35-33ae-46b8-93d0-4ffbeb9a2bed', 'Age', '18+'),
       ('f82bad35-33ae-46b8-93d0-4ffbeb9a2bed', 'Responsivity requirements',
        'TSP takes into account general responsivity in order for it to have the capacity to meet a wide range of needs. It is vital that facilitators take responsibility for specific responsivity needs and make every effort to ensure delivery matches the diverse needs of participants and that the programme is delivered in a way that they will respond to. '),
       ('f82bad35-33ae-46b8-93d0-4ffbeb9a2bed', 'Responsivity requirements',
        'Potential individuals should have the intellectual and social functioning ability to engage with the material. If appropriate, individuals should be referred to New Me Strengths (NMS) which has been designed to meet the needs of people with learning disabilities and challenges.'),
       ('5d29f8b5-7673-4366-af67-a84138461cc6', 'Risk criteria',
        'High SARA (Spousal Assault Risk Assessment) against partners'),
       ('5d29f8b5-7673-4366-af67-a84138461cc6', 'Time to complete', 'At least 6 months'),
       ('5d29f8b5-7673-4366-af67-a84138461cc6', 'Setting', 'Custody'),
       ('5d29f8b5-7673-4366-af67-a84138461cc6', 'Suitable for people with learning disabilities or challenges (LDC)?',
        'No'),
       ('5d29f8b5-7673-4366-af67-a84138461cc6', 'Need requirements',
        'High Need on PNA as indicated by major treatment needs in Attitudes, Relationships and Self-Management domains'),
       ('5d29f8b5-7673-4366-af67-a84138461cc6', 'Equivalent LDC programme', 'Becoming New Me Plus'),
       ('5d29f8b5-7673-4366-af67-a84138461cc6', 'Criminogenic needs', ''),
       ('5d29f8b5-7673-4366-af67-a84138461cc6', 'Gender', 'Male'),
       ('5d29f8b5-7673-4366-af67-a84138461cc6', 'Age', '18+'),
       ('5d29f8b5-7673-4366-af67-a84138461cc6', 'Responsivity requirements',
        'OASys Learning Screen and / or AFC-R indicate LDC not present'),
       ('6d89302b-8d8f-4df3-924c-8776212ee7a5', 'Responsivity requirements',
        'OASys Learning Screen Tool and AFC - R indicate characteristics of LDC'),
       ('6d89302b-8d8f-4df3-924c-8776212ee7a5', 'Suitable for people with learning disabilities or challenges (LDC)?',
        'Yes'),
       ('6d89302b-8d8f-4df3-924c-8776212ee7a5', 'Risk criteria', 'Medium or above risk'),
       ('6d89302b-8d8f-4df3-924c-8776212ee7a5', 'Time to complete',
        'Rolling programme with at least 5 sessions, often more'),
       ('6d89302b-8d8f-4df3-924c-8776212ee7a5', 'Criminogenic needs', ''),
       ('6d89302b-8d8f-4df3-924c-8776212ee7a5', 'Setting', 'Custody or community'),
       ('6d89302b-8d8f-4df3-924c-8776212ee7a5', 'Need requirements',
        'Variable. LNM is suitable for anyone who has successfully graduated from NMS or BNM+'),
       ('6d89302b-8d8f-4df3-924c-8776212ee7a5', 'Gender', 'Male'),
       ('6d89302b-8d8f-4df3-924c-8776212ee7a5', 'Age', '18+'),
       ('b2177e1a-9077-4b18-9394-1c30187c0806', 'Time to complete', 'At least 6 months'),
       ('b2177e1a-9077-4b18-9394-1c30187c0806', 'Suitable for people with learning disabilities or challenges (LDC)?',
        'Yes'),
       ('b2177e1a-9077-4b18-9394-1c30187c0806', 'Equivalent non-LDC programmes',
        'Building Better Relationships, Horizon, Thinking Skills Programme'),
       ('b2177e1a-9077-4b18-9394-1c30187c0806', 'Setting', 'Custody or community'),
       ('b2177e1a-9077-4b18-9394-1c30187c0806', 'Gender', 'Male'),
       ('b2177e1a-9077-4b18-9394-1c30187c0806', 'Risk criteria', 'Medium OVP (OASys Violence Predictor)'),
       ('b2177e1a-9077-4b18-9394-1c30187c0806', 'Risk criteria', '50+ OGRS (Offender Group Reconviction Scale)'),
       ('6c5ddecb-e972-46d2-8d0b-43b03a6c01fd', 'Risk criteria', 'Medium OSP (OASys Sexual Reconviction Predictor)'),
       ('6c5ddecb-e972-46d2-8d0b-43b03a6c01fd', 'Time to complete', 'At least 6 months'),
       ('6c5ddecb-e972-46d2-8d0b-43b03a6c01fd', 'Suitable for people with learning disabilities or challenges (LDC)?',
        'Yes'),
       ('6c5ddecb-e972-46d2-8d0b-43b03a6c01fd', 'Equivalent non-LDC programmes',
        'Building Better Relationships, Horizon, Thinking Skills Programme'),
       ('6c5ddecb-e972-46d2-8d0b-43b03a6c01fd', 'Setting', 'Custody or community'),
       ('6c5ddecb-e972-46d2-8d0b-43b03a6c01fd', 'Gender', 'Male'),
       ('6491488f-8025-44d8-8c51-a06e41564232', 'Time to complete', 'At least 6 months'),
       ('6491488f-8025-44d8-8c51-a06e41564232', 'Setting', 'Custody'),
       ('6491488f-8025-44d8-8c51-a06e41564232', 'Suitable for people with learning disabilities or challenges (LDC)?',
        'No'),
       ('6491488f-8025-44d8-8c51-a06e41564232', 'Need requirements',
        'High Need on PNA as indicated by major treatment needs in Attitudes, Relationships and Self-Management domains'),
       ('6491488f-8025-44d8-8c51-a06e41564232', 'Equivalent LDC programme', 'Becoming New Me Plus'),
       ('6491488f-8025-44d8-8c51-a06e41564232', 'Criminogenic needs', ''),
       ('6491488f-8025-44d8-8c51-a06e41564232', 'Gender', 'Male'),
       ('6491488f-8025-44d8-8c51-a06e41564232', 'Age', '18+'),
       ('6491488f-8025-44d8-8c51-a06e41564232', 'Risk criteria',
        'High or very high OSP (OASys Sexual Reconviction Predictor)'),
       ('6491488f-8025-44d8-8c51-a06e41564232', 'Responsivity requirements',
        'OASys Learning Screen and / or AFC-R indicate LDC not present'),
       ('bb7e2591-20ae-4426-b0f2-ccccd7c49a40', 'Time to complete', 'At least 6 months'),
       ('bb7e2591-20ae-4426-b0f2-ccccd7c49a40', 'Setting', 'Custody'),
       ('bb7e2591-20ae-4426-b0f2-ccccd7c49a40', 'Suitable for people with learning disabilities or challenges (LDC)?',
        'No'),
       ('bb7e2591-20ae-4426-b0f2-ccccd7c49a40', 'Need requirements',
        'High Need on PNA as indicated by major treatment needs in Attitudes, Relationships and Self-Management domains'),
       ('bb7e2591-20ae-4426-b0f2-ccccd7c49a40', 'Equivalent LDC programme', 'Becoming New Me Plus'),
       ('bb7e2591-20ae-4426-b0f2-ccccd7c49a40', 'Criminogenic needs', ''),
       ('bb7e2591-20ae-4426-b0f2-ccccd7c49a40', 'Risk criteria', 'High OVP (OASys Violence Predictor)'),
       ('bb7e2591-20ae-4426-b0f2-ccccd7c49a40', 'Gender', 'Male'),
       ('bb7e2591-20ae-4426-b0f2-ccccd7c49a40', 'Age', '18+'),
       ('bb7e2591-20ae-4426-b0f2-ccccd7c49a40', 'Responsivity requirements',
        'OASys Learning Screen and / or AFC-R indicate LDC not present'),
       ('56eaee07-ae91-4b21-9fae-a4c96c359481', 'Gender', 'Separate male and female programmes'),
       ('56eaee07-ae91-4b21-9fae-a4c96c359481', 'Risk criteria', 'Score of under 20 on AUDIT questionnaire'),
       ('56eaee07-ae91-4b21-9fae-a4c96c359481', 'Risk criteria',
        'Medium (35 to 75%) OGRS (Offender Group Reconviction Scale)'),
       ('56eaee07-ae91-4b21-9fae-a4c96c359481', 'Setting', 'Custody'),
       ('56eaee07-ae91-4b21-9fae-a4c96c359481', 'Time to complete', 'Around 4 weeks'),
       ('56eaee07-ae91-4b21-9fae-a4c96c359481', 'Risk criteria',
        '2 to 3 alcohol-related violence incidents in their last 2 years in the community'),
       ('f925d6c5-d1be-4246-88ba-91bf77dbd101', 'Setting', 'Custody or community'),
       ('f925d6c5-d1be-4246-88ba-91bf77dbd101', 'Gender', 'Any, depending on prison requirements'),
       ('f925d6c5-d1be-4246-88ba-91bf77dbd101', 'Risk criteria', 'OGRS3 (Offender Group Reconviction Scale 3)'),
       ('f925d6c5-d1be-4246-88ba-91bf77dbd101', 'Risk criteria', 'OVP (OASys Violence Predictor)'),
       ('f925d6c5-d1be-4246-88ba-91bf77dbd101', 'Risk criteria',
        'OSP-DC or OSP-IIC (OASys Sexual Reconviction Predictor – Contact or Indecent Imagery)'),
       ('f925d6c5-d1be-4246-88ba-91bf77dbd101', 'Risk criteria', 'RSR (Risk of Serious Recidivism)'),
       ('f925d6c5-d1be-4246-88ba-91bf77dbd101', 'Risk criteria', 'SARA (Spousal Assault Risk Assessment)'),
       ('f925d6c5-d1be-4246-88ba-91bf77dbd101', 'Needs criteria',
        'High need, based on their programme needs identifier score'),
       ('f925d6c5-d1be-4246-88ba-91bf77dbd101', 'Suitable for people with learning disabilities or challenges (LDC)',
        'Yes'),
       ('f925d6c5-d1be-4246-88ba-91bf77dbd101', 'Time to complete', 'Around 17 to 25 weeks (2 to 3 sessions a week)'),
       ('ee15fc84-a7a1-4e0b-94aa-f353828d246d', 'Need requirements', 'There should be evidence of offending and harmful behaviour that has been motivated by their group / gang affiliation. Participants should be assessed as having needs that the programme addresses through the use of the IM Need Assessment Tool.
Step 1: Referrer’s MUST consider the following questions:
Is the individual’s offending/harmful behaviour connected with specific gang/group affiliation?
Was the victim targeted because of their OR the participant’s affiliation with a specific gang/group?
If the individual was not affiliated with this particular gang/group, would the offences or other known harmful behaviours likely to have occurred?

Step 2: Needs Assessment helps referrers to establish:
The individual’s motivations for engaging with a gang
Thinking and attitudes or external circumstances that are associated with a willingness and preparedness to offend on behalf of a group
What the individual was or remains prepared to do on-behalf of their group/gang, and to what extent.

NB: Individuals do NOT need to admit that they are in a gang, but acknowledge that a significant group has influenced offending behaviour'),
       ('ee15fc84-a7a1-4e0b-94aa-f353828d246d', 'Time to complete',
        'Flexible delivery with up to 23 sessions plus pre-programme session and programme review. Around 25 hours (at least 3 months).'),
       ('ee15fc84-a7a1-4e0b-94aa-f353828d246d', 'Criminogenic needs', ''),
       ('ee15fc84-a7a1-4e0b-94aa-f353828d246d', 'Responsivity requirements',
        'The intervention is flexible, the frequency and length of sessions can be adjusted to meet individual’s needs.'),
       ('ee15fc84-a7a1-4e0b-94aa-f353828d246d', 'Risk criteria', '50+ OGRS (Offender Group Reconviction Scale)'),
       ('ee15fc84-a7a1-4e0b-94aa-f353828d246d', 'Suitable for people with learning disabilities or challenges (LDC)?',
        'Assessed case by case'),
       ('ee15fc84-a7a1-4e0b-94aa-f353828d246d', 'Setting', 'Custody'),
       ('ee15fc84-a7a1-4e0b-94aa-f353828d246d', 'Gender', 'Male'),
       ('ee15fc84-a7a1-4e0b-94aa-f353828d246d', 'Responsivity requirements',
        'Individuals are required to consent to the programme and be willing to sign up to the Conditions of Success. These engage, increase therapeutic alliance, and uphold the collaborative ethos which underpins the intervention’s approach.'),
       ('ee15fc84-a7a1-4e0b-94aa-f353828d246d', 'Age', '18+'),
       ('ee15fc84-a7a1-4e0b-94aa-f353828d246d', 'Responsivity requirements',
        'IM is a one-to-one programme, individuals who fit the above criteria who are not suitable for group work can be given consideration for the programme.'),
       ('ee15fc84-a7a1-4e0b-94aa-f353828d246d', 'Responsivity requirements',
        'The content of IM is supported by optional animations that explain key concepts through the central character “J”. '),
       ('ee15fc84-a7a1-4e0b-94aa-f353828d246d', 'Risk criteria', 'Medium or high ROSH (Risk of Serious Harm)'),
       ('8bdf26a2-c394-470e-a6d3-6d64c79eddd0', 'Time to complete', 'At least 6 months'),
       ('8bdf26a2-c394-470e-a6d3-6d64c79eddd0', 'Suitable for people with learning disabilities or challenges (LDC)?',
        'Yes'),
       ('8bdf26a2-c394-470e-a6d3-6d64c79eddd0', 'Responsivity requirements',
        'Individuals should be sufficiently literate (able to read and understand simple sentences), or reasonable adjustments should be made to support the individual through the programme'),
       ('8bdf26a2-c394-470e-a6d3-6d64c79eddd0', 'Responsivity requirements',
        'Individuals who are transgender (including those who wish to permanently transition to an acquired gender, those who are intersex and those who identify as non-binary, gender fluid and / or transvestite) are eligible to participate in BBR if they have offended within a heterosexual relationship and identified as male when the offence was committed. Programme staff should note that transgender service users must be supported to express their gender identity when attending the programme. This means that, they must be supported if they wish to express a female or neutral gender identity when attending the group. The pre group sessions can be used to explore how their needs could be supported. For example, programme facilitators may ask the service users how they can be supported if questions relating to their gender identity are raised by the group.  Programme staff are encouraged to familiarise themselves with themselves with relevant policy instructions/guidance on transgender service users , which is as follows: PI 16/2016, PSI 17/2017, & Care and Management of Transgender Offenders - supporting operational Guidance (this can be found as a PDF alongside the above instructions)'),
       ('8bdf26a2-c394-470e-a6d3-6d64c79eddd0', 'Need requirements', 'Attitudes that support relationship violence'),
       ('8bdf26a2-c394-470e-a6d3-6d64c79eddd0', 'Need requirements', 'Social skills deficits'),
       ('8bdf26a2-c394-470e-a6d3-6d64c79eddd0', 'Risk criteria',
        'Medium or high SARA (Spousal Assault Risk Assessment) in the community'),
       ('8bdf26a2-c394-470e-a6d3-6d64c79eddd0', 'Need requirements',
        'Stereotyped Gender roles and inequality beliefs '),
       ('8bdf26a2-c394-470e-a6d3-6d64c79eddd0', 'Need requirements', 'Alcohol and drug misuse'),
       ('8bdf26a2-c394-470e-a6d3-6d64c79eddd0', 'Need requirements', 'Separation / threat of separation'),
       ('8bdf26a2-c394-470e-a6d3-6d64c79eddd0', 'Risk criteria',
        'Medium SARA (Spousal Assault Risk Assessment) in custody'),
       ('8bdf26a2-c394-470e-a6d3-6d64c79eddd0', 'Setting', 'Custody or community'),
       ('8bdf26a2-c394-470e-a6d3-6d64c79eddd0', 'Responsivity requirements',
        'Offences which arise out of intimate partner conflict against a non-partner'),
       ('8bdf26a2-c394-470e-a6d3-6d64c79eddd0', 'Need requirements', 'Relationship problems'),
       ('8bdf26a2-c394-470e-a6d3-6d64c79eddd0', 'Need requirements', 'Hostile masculinity'),
       ('8bdf26a2-c394-470e-a6d3-6d64c79eddd0', 'Need requirements',
        'Obsessive and controlling behaviour towards a current or former partner in context of an intimate relationship '),
       ('8bdf26a2-c394-470e-a6d3-6d64c79eddd0', 'Criminogenic needs', 'Drug misuse'),
       ('f925d6c5-d1be-4246-88ba-91bf77dbd102', 'Setting', 'Custody or community'),
       ('f925d6c5-d1be-4246-88ba-91bf77dbd102', 'Gender', 'Any, depending on prison requirements'),
       ('f925d6c5-d1be-4246-88ba-91bf77dbd102', 'Risk criteria', 'OGRS3 (Offender Group Reconviction Scale 3)'),
       ('f925d6c5-d1be-4246-88ba-91bf77dbd102', 'Risk criteria', 'OVP (OASys Violence Predictor)'),
       ('f925d6c5-d1be-4246-88ba-91bf77dbd102', 'Risk criteria',
        'OSP-DC or OSP-IIC (OASys Sexual Reconviction Predictor – Contact or Indecent Imagery)'),
       ('f925d6c5-d1be-4246-88ba-91bf77dbd102', 'Risk criteria', 'RSR (Risk of Serious Recidivism)'),
       ('f925d6c5-d1be-4246-88ba-91bf77dbd102', 'Risk criteria', 'SARA (Spousal Assault Risk Assessment)'),
       ('f925d6c5-d1be-4246-88ba-91bf77dbd101', 'Risk criteria pre',
        'High or very high in at least one of these areas:'),
       ('8bdf26a2-c394-470e-a6d3-6d64c79eddd0', 'Responsivity requirements',
        'Men who deny their current offence can participate in BBR if they have a history of unconvicted or convicted IPV, which is functionally similar to their current offence, which they are willing to acknowledge and work on'),
       ('8bdf26a2-c394-470e-a6d3-6d64c79eddd0', 'Need requirements', 'Aggression and anger'),
       ('8bdf26a2-c394-470e-a6d3-6d64c79eddd0', 'Need requirements', 'Coercive control '),
       ('8bdf26a2-c394-470e-a6d3-6d64c79eddd0', 'Criminogenic needs', 'Relationships'),
       ('8bdf26a2-c394-470e-a6d3-6d64c79eddd0', 'Need requirements', 'Jealousy'),
       ('8bdf26a2-c394-470e-a6d3-6d64c79eddd0', 'Responsivity requirements',
        'BBR aims to be responsive and there are no specific cut-off points for excluding individuals based on intelligence or personality disorder'),
       ('8bdf26a2-c394-470e-a6d3-6d64c79eddd0', 'Gender', 'Male'),
       ('8bdf26a2-c394-470e-a6d3-6d64c79eddd0', 'Age', '18+'),
       ('8bdf26a2-c394-470e-a6d3-6d64c79eddd0', 'Criminogenic needs', 'Alcohol misuse '),
       ('8bdf26a2-c394-470e-a6d3-6d64c79eddd0', 'Need requirements', 'Emotional mismanagement / self-regulation'),
       ('8bdf26a2-c394-470e-a6d3-6d64c79eddd0', 'Criminogenic needs', 'Thinking and behaviour'),
       ('afaa1816-d15b-4d3b-a1aa-22d2486ac38e', 'Time to complete', 'At least 12 months'),
       ('afaa1816-d15b-4d3b-a1aa-22d2486ac38e', 'Setting', 'Custody'),
       ('afaa1816-d15b-4d3b-a1aa-22d2486ac38e', 'Suitable for people with learning disabilities or challenges (LDC)?',
        'Yes'),
       ('afaa1816-d15b-4d3b-a1aa-22d2486ac38e', 'Criminogenic needs', 'Relationships'),
       ('afaa1816-d15b-4d3b-a1aa-22d2486ac38e', 'Responsivity requirements', 'OASys Learning Screening Tool'),
       ('afaa1816-d15b-4d3b-a1aa-22d2486ac38e', 'Equivalent non-LDC programme', 'Kaizen'),
       ('afaa1816-d15b-4d3b-a1aa-22d2486ac38e', 'Gender', 'Male'),
       ('afaa1816-d15b-4d3b-a1aa-22d2486ac38e', 'Age', '18+'),
       ('afaa1816-d15b-4d3b-a1aa-22d2486ac38e', 'Risk criteria',
        'High or very high OSP (OASys Sexual Reconviction Predictor)'),
       ('afaa1816-d15b-4d3b-a1aa-22d2486ac38e', 'Need requirements',
        'High need on PNA in Attitudes, Relationships, and Self-management'),
       ('afaa1816-d15b-4d3b-a1aa-22d2486ac38e', 'Criminogenic needs', 'Attitudes'),
       ('cfe356ed-788c-49a3-bb3c-f1ee1a8012da', 'Responsivity requirements',
        'Physical disability, including deafness or blindness, are not reasons for exclusion. Arrangements should be made to adjust the environment so that the programme is available to individuals with a disability'),
       ('cfe356ed-788c-49a3-bb3c-f1ee1a8012da', 'Responsivity requirements',
        'Individuals must be motivated to work on the areas addressed within the programme, must not be hostile to it, and must agree to sign the group contract etc.'),
       ('cfe356ed-788c-49a3-bb3c-f1ee1a8012da', 'Suitable for people with learning disabilities or challenges (LDC)?',
        'No'),
       ('cfe356ed-788c-49a3-bb3c-f1ee1a8012da', 'Responsivity requirements',
        'Alcohol / drug problems need to be stable before attendance'),
       ('cfe356ed-788c-49a3-bb3c-f1ee1a8012da', 'Need requirements',
        'In community Settings where programmes are run by the National Probation Service (NPS), Horizon is suitable for those men who are medium, high and very high risk on OSP'),
       ('cfe356ed-788c-49a3-bb3c-f1ee1a8012da', 'Need requirements',
        'In prisons, Horizon is suitable for medium risk men (on OSP). For high and very high risk men in prison, Horizon may be suitable where a Programmes Need Assessment (PNA) has shown the individual to have a criminogenic need profile addressed within Horizon rather than any other programme'),
       ('cfe356ed-788c-49a3-bb3c-f1ee1a8012da', 'Need requirements',
        'Horizon is designed to meet the needs of those who have committed sexual and / or sexually motivated offences against children and/or adults, as well as those who have committed non-contact sexual offences who are assessed as medium risk and above using OSP'),
       ('cfe356ed-788c-49a3-bb3c-f1ee1a8012da', 'Responsivity requirements',
        'Care should be taken in assessing people who are suicidal to ensure the programme does not risk worsening their condition.'),
       ('cfe356ed-788c-49a3-bb3c-f1ee1a8012da', 'Risk criteria',
        'Medium, high or very high OSP (OASys Sexual Reconviction Predictor)'),
       ('cfe356ed-788c-49a3-bb3c-f1ee1a8012da', 'Responsivity requirements',
        'Those with mental health problems should only be excluded from the programme if the issues are acute and damage the individual’s ability to relate to others or concentrate'),
       ('cfe356ed-788c-49a3-bb3c-f1ee1a8012da', 'Responsivity requirements', 'IQ 80+'),
       ('cfe356ed-788c-49a3-bb3c-f1ee1a8012da', 'Time to complete',
        'At least 6 months (custody); at least 12 months (community)'),
       ('cfe356ed-788c-49a3-bb3c-f1ee1a8012da', 'Equivalent LDC programme', 'Becoming New Me Plus'),
       ('cfe356ed-788c-49a3-bb3c-f1ee1a8012da', 'Responsivity requirements',
        'Cognitive behavioural groupwork does not lend itself to working with offenders through interpreters, so specific arrangements should be made for those who do not speak English'),
       ('cfe356ed-788c-49a3-bb3c-f1ee1a8012da', 'Setting', 'Custody or community'),
       ('cfe356ed-788c-49a3-bb3c-f1ee1a8012da', 'Gender', 'Male'),
       ('cfe356ed-788c-49a3-bb3c-f1ee1a8012da', 'Age', '18+'),
       ('cfe356ed-788c-49a3-bb3c-f1ee1a8012da', 'Responsivity requirements',
        'Special consideration needs to be given to younger individuals to ensure their level of maturity is such that they can gain from the programme and will not be adversely affected by it. Under 21 year olds should be provided with separate groups.'),
       ('cfe356ed-788c-49a3-bb3c-f1ee1a8012da', 'Responsivity requirements',
        'Horizon is open to those who maintain their innocence, though rules apply to the number of such individuals that may be included in any one group (see programme manuals)'),
       ('49de3ece-aaed-4309-976f-d2b223099d67', 'Responsivity requirements',
        'Care should be taken in assessing participants who are suicidal to ensure the HSP does not risk worsening their condition.'),
       ('49de3ece-aaed-4309-976f-d2b223099d67', 'Suitable for people with learning disabilities or challenges (LDC)?',
        'Yes'),
       ('49de3ece-aaed-4309-976f-d2b223099d67', 'Criminogenic needs', ''),
       ('49de3ece-aaed-4309-976f-d2b223099d67', 'Responsivity requirements',
        'Participants with mental health problems should only be excluded from the HSP if their symptoms are acute and damages their ability to relate to others or concentrate. '),
       ('49de3ece-aaed-4309-976f-d2b223099d67', 'Responsivity requirements',
        'Alcohol / drug problems need to be stable before referral.'),
       ('49de3ece-aaed-4309-976f-d2b223099d67', 'Risk criteria',
        'Medium, high or very high OSP (OASys Sexual Reconviction Predictor)'),
       ('f925d6c5-d1be-4246-88ba-91bf77dbd202', 'Time to complete', 'Around 10 to 13 weeks (2 to 3 sessions a week)'),
       ('f925d6c5-d1be-4246-88ba-91bf77dbd201', 'Risk criteria pre', 'Medium in at least one of these areas:'),
       ('49de3ece-aaed-4309-976f-d2b223099d67', 'Responsivity requirements',
        'Special consideration needs to be given to younger individuals, especially those still developing in psychosexual identity. It is also important to ensure that their level of maturity is such that they can gain from the HSP. '),
       ('49de3ece-aaed-4309-976f-d2b223099d67', 'Setting', 'Custody'),
       ('49de3ece-aaed-4309-976f-d2b223099d67', 'Need requirements',
        'Usually, but not always, participants will have graduated from Kaizen, Becoming New Me plus, Horizon or New Me Strengths.'),
       ('49de3ece-aaed-4309-976f-d2b223099d67', 'Need requirements',
        'The HSP is designed to meet the needs of participants who have strong offence-related sexual interests relevant to their convictions for sexual offences, and who acknowledge such an interest(s) and who would benefit from developing skills for safe sexual self-regulation.'),
       ('49de3ece-aaed-4309-976f-d2b223099d67', 'Gender', 'Male'),
       ('49de3ece-aaed-4309-976f-d2b223099d67', 'Age', '18+'),
       ('49de3ece-aaed-4309-976f-d2b223099d67', 'Responsivity requirements',
        'Individuals must be motivated to work on the areas addressed within the HSP.'),
       ('65c8d904-5be1-4a7e-9b19-de7b217467fd', 'Need requirements',
        'Exhibit risks and/or needs identified in the ERG assessment that are designed to be targeted by the HII.'),
       ('65c8d904-5be1-4a7e-9b19-de7b217467fd', 'Gender', 'Male or female'),
       ('65c8d904-5be1-4a7e-9b19-de7b217467fd', 'Setting', 'Custody or community'),
       ('65c8d904-5be1-4a7e-9b19-de7b217467fd', 'Responsivity requirements',
        'One-to-one intervention in which selection of sessions, length of sessions and frequency of sessions can be adjusted to meet the individual’s needs.'),
       ('65c8d904-5be1-4a7e-9b19-de7b217467fd', 'Age', '18+'),
       ('65c8d904-5be1-4a7e-9b19-de7b217467fd', 'Risk criteria', '22+ ERG (Extremism Risk Guidance) and an assessment'),
       ('65c8d904-5be1-4a7e-9b19-de7b217467fd', 'Suitable for people with learning disabilities or challenges (LDC)?',
        'Yes, but reviewed case by case'),
       ('65c8d904-5be1-4a7e-9b19-de7b217467fd', 'Need requirements',
        'Individuals do not need to admit to their offence but need to be willing to discuss their engagement in an extremist group, cause and/or ideology.'),
       ('65c8d904-5be1-4a7e-9b19-de7b217467fd', 'Responsivity requirements',
        'Flexible to respond to an individual’s level of engagement and/or identification with the extremist group, cause and/or ideology.'),
       ('65c8d904-5be1-4a7e-9b19-de7b217467fd', 'Time to complete', '10 to 32 sessions (at least 3 months)'),
       ('65c8d904-5be1-4a7e-9b19-de7b217467fd', 'Need requirements',
        'Evidence that the individual’s offence was motivated by engagement and/or identification with an extremist group, cause and/or ideology.'),
       ('bee96044-45fb-4ba4-93a4-19e5f71c8f15', 'Suitable for people with learning disabilities or challenges (LDC)?',
        'Yes'),
       ('bee96044-45fb-4ba4-93a4-19e5f71c8f15', 'Time to complete',
        'Number of sessions is at the discretion of the practitioner and depends on the risk, need and responsivity profile of the individual. Has a 30-day Rehabilitation Activity Requirement (RAR) in the community.'),
       ('bee96044-45fb-4ba4-93a4-19e5f71c8f15', 'Setting', 'Custody or community'),
       ('bee96044-45fb-4ba4-93a4-19e5f71c8f15', 'Gender', 'Male'),
       ('bee96044-45fb-4ba4-93a4-19e5f71c8f15', 'Risk criteria', 'All risk scores'),
       ('2be8daf4-f23c-43bc-9e3c-884878eba285', 'Suitable for people with learning disabilities or challenges (LDC)?',
        'Yes'),
       ('2be8daf4-f23c-43bc-9e3c-884878eba285', 'Risk criteria', 'High OVP (OASys Violence Predictor)'),
       ('2be8daf4-f23c-43bc-9e3c-884878eba285', 'Risk criteria', 'High OGRS (Offender Group Reconviction Scale)'),
       ('2be8daf4-f23c-43bc-9e3c-884878eba285', 'Need requirements',
        'High need on PNA in Attitudes, Relationships, and Self-management'),
       ('2be8daf4-f23c-43bc-9e3c-884878eba285', 'Criminogenic needs', 'Attitudes'),
       ('f925d6c5-d1be-4246-88ba-91bf77dbd102', 'Needs criteria',
        'High need, based on their programme needs identifier score'),
       ('f925d6c5-d1be-4246-88ba-91bf77dbd102', 'Suitable for people with learning disabilities or challenges (LDC)',
        'Yes'),
       ('f925d6c5-d1be-4246-88ba-91bf77dbd102', 'Time to complete', 'Around 17 to 25 weeks (2 to 3 sessions a week)'),
       ('f925d6c5-d1be-4246-88ba-91bf77dbd201', 'Setting', 'Custody or community'),
       ('f925d6c5-d1be-4246-88ba-91bf77dbd201', 'Gender', 'Any, depending on prison requirements'),
       ('f925d6c5-d1be-4246-88ba-91bf77dbd201', 'Risk criteria', 'OGRS3 (Offender Group Reconviction Scale 3)'),
       ('f925d6c5-d1be-4246-88ba-91bf77dbd201', 'Risk criteria', 'OVP (OASys Violence Predictor)'),
       ('f925d6c5-d1be-4246-88ba-91bf77dbd201', 'Risk criteria',
        'OSP-DC or OSP-IIC (OASys Sexual Reconviction Predictor – Contact or Indecent Imagery)'),
       ('f925d6c5-d1be-4246-88ba-91bf77dbd201', 'Risk criteria', 'RSR (Risk of Serious Recidivism)'),
       ('f925d6c5-d1be-4246-88ba-91bf77dbd201', 'Risk criteria', 'SARA (Spousal Assault Risk Assessment)'),
       ('f925d6c5-d1be-4246-88ba-91bf77dbd201', 'Suitable for people with learning disabilities or challenges (LDC)',
        'Yes'),
       ('f925d6c5-d1be-4246-88ba-91bf77dbd201', 'Time to complete', 'Around 10 to 13 weeks (2 to 3 sessions a week)'),
       ('f925d6c5-d1be-4246-88ba-91bf77dbd202', 'Setting', 'Custody or community'),
       ('f925d6c5-d1be-4246-88ba-91bf77dbd202', 'Gender', 'Any, depending on prison requirements'),
       ('f925d6c5-d1be-4246-88ba-91bf77dbd202', 'Risk criteria', 'OGRS3 (Offender Group Reconviction Scale 3)'),
       ('f925d6c5-d1be-4246-88ba-91bf77dbd202', 'Risk criteria', 'OVP (OASys Violence Predictor)'),
       ('2be8daf4-f23c-43bc-9e3c-884878eba285', 'Time to complete', 'At least 12 months'),
       ('2be8daf4-f23c-43bc-9e3c-884878eba285', 'Setting', 'Custody'),
       ('2be8daf4-f23c-43bc-9e3c-884878eba285', 'Criminogenic needs', 'Relationships'),
       ('2be8daf4-f23c-43bc-9e3c-884878eba285', 'Responsivity requirements', 'OASys Learning Screening Tool'),
       ('2be8daf4-f23c-43bc-9e3c-884878eba285', 'Equivalent non-LDC programme', 'Kaizen'),
       ('2be8daf4-f23c-43bc-9e3c-884878eba285', 'Gender', 'Male'),
       ('2be8daf4-f23c-43bc-9e3c-884878eba285', 'Age', '18+'),
       ('b4af1bbc-1b30-434a-8edc-ae4880c05def', 'Time to complete', 'At least 12 months'),
       ('b4af1bbc-1b30-434a-8edc-ae4880c05def', 'Risk criteria',
        'High SARA (Spousal Assault Risk Assessment) against partners'),
       ('b4af1bbc-1b30-434a-8edc-ae4880c05def', 'Setting', 'Custody'),
       ('b4af1bbc-1b30-434a-8edc-ae4880c05def', 'Suitable for people with learning disabilities or challenges (LDC)?',
        'Yes'),
       ('b4af1bbc-1b30-434a-8edc-ae4880c05def', 'Criminogenic needs', 'Relationships'),
       ('b4af1bbc-1b30-434a-8edc-ae4880c05def', 'Responsivity requirements', 'OASys Learning Screening Tool'),
       ('b4af1bbc-1b30-434a-8edc-ae4880c05def', 'Equivalent non-LDC programme', 'Kaizen'),
       ('b4af1bbc-1b30-434a-8edc-ae4880c05def', 'Gender', 'Male'),
       ('b4af1bbc-1b30-434a-8edc-ae4880c05def', 'Age', '18+'),
       ('b4af1bbc-1b30-434a-8edc-ae4880c05def', 'Need requirements',
        'High need on PNA in Attitudes, Relationships, and Self-management'),
       ('b4af1bbc-1b30-434a-8edc-ae4880c05def', 'Criminogenic needs', 'Attitudes'),
       ('6d9e8916-8ad2-410b-a349-f17c3c404ae8', 'Time to complete', 'At least 6 months'),
       ('6d9e8916-8ad2-410b-a349-f17c3c404ae8', 'Risk criteria',
        'Medium SARA (Spousal Assault Risk Assessment) against partners'),
       ('6d9e8916-8ad2-410b-a349-f17c3c404ae8', 'Suitable for people with learning disabilities or challenges (LDC)?',
        'Yes'),
       ('6d9e8916-8ad2-410b-a349-f17c3c404ae8', 'Equivalent non-LDC programmes',
        'Building Better Relationships, Horizon, Thinking Skills Programme'),
       ('6d9e8916-8ad2-410b-a349-f17c3c404ae8', 'Setting', 'Custody or community'),
       ('6d9e8916-8ad2-410b-a349-f17c3c404ae8', 'Gender', 'Male'),
       ('f925d6c5-d1be-4246-88ba-91bf77dbd202', 'Risk criteria',
        'OSP-DC or OSP-IIC (OASys Sexual Reconviction Predictor – Contact or Indecent Imagery)'),
       ('f925d6c5-d1be-4246-88ba-91bf77dbd202', 'Risk criteria', 'RSR (Risk of Serious Recidivism)'),
       ('f925d6c5-d1be-4246-88ba-91bf77dbd202', 'Risk criteria', 'SARA (Spousal Assault Risk Assessment)'),
       ('f925d6c5-d1be-4246-88ba-91bf77dbd202', 'Suitable for people with learning disabilities or challenges (LDC)',
        'Yes'),
       ('f925d6c5-d1be-4246-88ba-91bf77dbd202', 'Risk criteria pre', 'Medium in at least one of these areas:'),
       ('f925d6c5-d1be-4246-88ba-91bf77dbd201', 'Risk criteria post',
        'The person should not score high in any risk areas for the moderate intensity pathway.'),
       ('f925d6c5-d1be-4246-88ba-91bf77dbd202', 'Risk criteria post',
        'The person should not score high in any risk areas for the moderate intensity pathway.'),
       ('f925d6c5-d1be-4246-88ba-91bf77dbd201', 'Needs criteria',
        'Medium need, based on their programme needs identifier score.'),
       ('f925d6c5-d1be-4246-88ba-91bf77dbd202', 'Needs criteria',
        'Medium need, based on their programme needs identifier score.');

INSERT INTO organisation (organisation_id, code, name, gender)
VALUES ('22a4988d-760d-4651-be24-750bc4fc0b53', 'SKI', 'Stocken (HMP)', 'MALE'),
       ('205b8e71-705a-4fe1-9bfb-de285136d8fb', 'WTI', 'Whatton (HMP)', 'MALE'),
       ('c177c813-8178-4822-b915-25d9e424e123', 'ONI', 'Onley (HMP)', 'MALE'),
       ('ed73c50e-4a85-4576-ab62-35a95fe0f09b', 'FEI', 'Fosse Way (HMP & YOI)', 'MALE'),
       ('bb413a1c-c5c7-4e64-bf9b-712cce1fb4ac', 'LLI', 'Long Lartin (HMP)', 'MALE'),
       ('0147ea75-dc36-430c-a73c-9db21bc99457', 'PBI', 'Peterborough (HMP & YOI)', 'MALE'),
       ('3a58c54b-c5a0-49c9-9162-8b09a9f563cb', 'DHI', 'Drake Hall (HMP & YOI)', 'FEMALE'),
       ('c177c813-8178-4822-b915-25d9e424e002', 'BSI', 'Brinsford (HMP & YOI)', 'MALE'),
       ('c177c813-8178-4822-b915-25d9e424e003', 'LHI', 'Lindholme (HMP)', 'MALE'),
       ('c177c813-8178-4822-b915-25d9e424e004', 'HII', 'Hindley (HMP & YOI)', 'MALE'),
       ('c177c813-8178-4822-b915-25d9e424e005', 'RHI', 'Rye Hill (HMP)', 'MALE'),
       ('c177c813-8178-4822-b915-25d9e424e006', 'SLI', 'Swaleside (HMP)', 'MALE'),
       ('c177c813-8178-4822-b915-25d9e424e007', 'FMI', 'Feltham B (HMP & YOI)', 'MALE'),
       ('c177c813-8178-4822-b915-25d9e424e008', 'DGI', 'Dovegate (HMP)', 'MALE'),
       ('c177c813-8178-4822-b915-25d9e424e009', 'BAI', 'Belmarsh (HMP)', 'MALE'),
       ('c177c813-8178-4822-b915-25d9e424e010', 'FKI', 'Frankland (HMP)', 'MALE'),
       ('c177c813-8178-4822-b915-25d9e424e013', 'PCI', 'Pucklechurch (hmrc)', 'MALE'),
       ('c177c813-8178-4822-b915-25d9e424e014', 'EYI', 'Elmley (HMP)', 'MALE'),
       ('c177c813-8178-4822-b915-25d9e424e015', 'LGI', 'Lowdham Grange (HMP)', 'MALE'),
       ('c177c813-8178-4822-b915-25d9e424e016', 'FWI', 'Five Wells (HMP)', 'MALE'),
       ('c177c813-8178-4822-b915-25d9e424e018', 'HLI', 'Hull (HMP)', 'MALE'),
       ('c177c813-8178-4822-b915-25d9e424e019', 'LFI', 'Lancaster Farms (HMP)', 'MALE'),
       ('c177c813-8178-4822-b915-25d9e424e021', 'BRI', 'Bure (HMP)', 'MALE'),
       ('c177c813-8178-4822-b915-25d9e424e023', 'UKI', 'Usk (HMP)', 'MALE'),
       ('c177c813-8178-4822-b915-25d9e424e024', 'SHI', 'Stoke Heath (HMP & YOI)', 'MALE'),
       ('c177c813-8178-4822-b915-25d9e424e025', 'ISI', 'Isis (HMP & YOI)', 'MALE'),
       ('c177c813-8178-4822-b915-25d9e424e026', 'WLI', 'Wayland (HMP)', 'MALE'),
       ('c177c813-8178-4822-b915-25d9e424e027', 'LWI', 'Lewes (HMP)', 'MALE'),
       ('c177c813-8178-4822-b915-25d9e424e028', 'WMI', 'Wymott (HMP)', 'MALE'),
       ('c177c813-8178-4822-b915-25d9e424e029', 'NLI', 'Northumberland (HMP)', 'MALE'),
       ('c177c813-8178-4822-b915-25d9e424e030', 'DNI', 'Doncaster (HMP)', 'MALE'),
       ('c177c813-8178-4822-b915-25d9e424e032', 'SNI', 'Swinfen Hall (HMP & YOI)', 'MALE'),
       ('c177c813-8178-4822-b915-25d9e424e033', 'HPI', 'Highpoint (HMP)', 'MALE'),
       ('c177c813-8178-4822-b915-25d9e424e034', 'MDI', 'Moorland (HMP & YOI)', 'MALE'),
       ('c177c813-8178-4822-b915-25d9e424e035', 'FSI', 'Featherstone (HMP)', 'MALE'),
       ('c177c813-8178-4822-b915-25d9e424e036', 'HHI', 'Holme House (HMP)', 'MALE'),
       ('c177c813-8178-4822-b915-25d9e424e037', 'WHI', 'Woodhill (HMP & YOI)', 'MALE'),
       ('c177c813-8178-4822-b915-25d9e424e038', 'HMI', 'Humber (HMP)', 'MALE'),
       ('c177c813-8178-4822-b915-25d9e424e039', 'GTI', 'Gartree (HMP)', 'MALE'),
       ('c177c813-8178-4822-b915-25d9e424e041', 'RSI', 'Risley (HMP)', 'MALE'),
       ('c177c813-8178-4822-b915-25d9e424e042', 'MRI', 'Manchester (HMP)', 'MALE'),
       ('c177c813-8178-4822-b915-25d9e424e043', 'WEI', 'Wealstun (HMP)', 'MALE'),
       ('c177c813-8178-4822-b915-25d9e424e044', 'BNI', 'Bullingdon (HMP)', 'MALE'),
       ('c177c813-8178-4822-b915-25d9e424e046', 'FBI', 'Forest Bank (HMP)', 'MALE'),
       ('c177c813-8178-4822-b915-25d9e424e047', 'BCI', 'Buckley Hall (HMP)', 'MALE'),
       ('c177c813-8178-4822-b915-25d9e424e048', 'GHI', 'Garth (HMP)', 'MALE'),
       ('c177c813-8178-4822-b915-25d9e424e050', 'LPI', 'Liverpool (HMP)', 'MALE'),
       ('c177c813-8178-4822-b915-25d9e424e051', 'DTI', 'Deerbolt (HMP & YOI)', 'MALE'),
       ('c177c813-8178-4822-b915-25d9e424e052', 'AYI', 'Aylesbury (HMP)', 'MALE'),
       ('c177c813-8178-4822-b915-25d9e424e053', 'WRI', 'Whitemoor (HMP)', 'MALE'),
       ('c177c813-8178-4822-b915-25d9e424e054', 'BMI', 'Birmingham (HMP)', 'MALE'),
       ('c177c813-8178-4822-b915-25d9e424e055', 'IWI', 'Isle of Wight (HMP)', 'MALE'),
       ('c177c813-8178-4822-b915-25d9e424e057', 'PRI', 'Parc (HMP)', 'MALE'),
       ('c177c813-8178-4822-b915-25d9e424e058', 'GMI', 'Guys Marsh (HMP)', 'MALE'),
       ('c177c813-8178-4822-b915-25d9e424e059', 'PDI', 'Portland (HMP & YOI)', 'MALE'),
       ('c177c813-8178-4822-b915-25d9e424e060', 'STI', 'Styal (HMP & YOI)', 'MALE'),
       ('c177c813-8178-4822-b915-25d9e424e061', 'DAI', 'Dartmoor (HMP)', 'MALE'),
       ('c177c813-8178-4822-b915-25d9e424e062', 'OWI', 'Oakwood (HMP)', 'MALE'),
       ('c177c813-8178-4822-b915-25d9e424e063', 'ASI', 'Ashfield (HMP)', 'MALE'),
       ('c177c813-8178-4822-b915-25d9e424e065', 'MTI', 'The Mount (HMP)', 'MALE'),
       ('c177c813-8178-4822-b915-25d9e424e066', 'SFI', 'Stafford (HMP)', 'MALE'),
       ('c177c813-8178-4822-b915-25d9e424e067', 'RNI', 'Ranby (HMP)', 'MALE'),
       ('c177c813-8178-4822-b915-25d9e424e068', 'RCI', 'Rochester (HMP & YOI)', 'MALE'),
       ('c177c813-8178-4822-b915-25d9e424e070', 'CWI', 'Channings Wood (HMP)', 'MALE'),
       ('c177c813-8178-4822-b915-25d9e424e071', 'BWI', 'Berwyn (HMP)', 'MALE'),
       ('c177c813-8178-4822-b915-25d9e424e072', 'FNI', 'Full Sutton (HMP)', 'MALE'),
       ('c177c813-8178-4822-b915-25d9e424e073', 'LTI', 'Littlehey (HMP)', 'MALE'),
       ('c177c813-8178-4822-b915-25d9e424e074', 'EEI', 'Erlestoke (HMP)', 'MALE'),
       ('c177c813-8178-4822-b915-25d9e424e075', 'ACI', 'Altcourse (HMP & YOI)', 'MALE'),
       ('c177c813-8178-4822-b915-25d9e424e076', 'CKI', 'Cookham Wood (HMYOI)', 'MALE'),
       ('c177c813-8178-4822-b915-25d9e424e077', 'BLI', 'Bristol (HMP & YOI)', 'MALE'),
       ('c177c813-8178-4822-b915-25d9e424e079', 'PYI', 'Parc (HMYOI)', 'MALE'),
       ('c177c813-8178-4822-b915-25d9e424f001', 'DWI', 'Downview (HMP & YOI)', 'FEMALE'),
       ('c177c813-8178-4822-b915-25d9e424f002', 'LNI', 'Low Newton (HMP & YOI)', 'FEMALE'),
       ('c177c813-8178-4822-b915-25d9e424f005', 'FHI', 'Foston Hall (HMP & YOI)', 'FEMALE'),
       ('c177c813-8178-4822-b915-25d9e424f006', 'DRI', 'Dorchester (HMP)', 'FEMALE'),
       ('c177c813-8178-4822-b915-25d9e424f007', 'PFI', 'Peterborough Female (HMP & YOI)', 'FEMALE'),
       ('c177c813-8178-4822-b915-25d9e424e001', 'WDI', 'Wakefield (HMP)', 'MALE'),
       ('c177c813-8178-4822-b915-25d9e424e069', 'NHI', 'New Hall (HMP & YOI)', 'FEMALE'),
       ('c177c813-8178-4822-b915-25d9e424e011', 'HOI', 'High Down (HMP & YOI) ', 'MALE'),
       ('c177c813-8178-4822-b915-25d9e424e080', 'AGI', 'Askham Grange (HMP & YOI)', 'MALE'),
       ('c177c813-8178-4822-b915-25d9e424e081', 'BFI', 'Bedford (HMP)', 'MALE'),
       ('c177c813-8178-4822-b915-25d9e424e082', 'BXI', 'Brixton (HMP)', 'MALE'),
       ('c177c813-8178-4822-b915-25d9e424e083', 'CDI', 'Chelmsford (HMP & YOI)', 'MALE'),
       ('c177c813-8178-4822-b915-25d9e424e084', 'CFI', 'Cardiff (HMP)', 'MALE'),
       ('c177c813-8178-4822-b915-25d9e424e085', 'CLI', 'Coldingley (HMP)', 'MALE'),
       ('c177c813-8178-4822-b915-25d9e424e086', 'DMI', 'Durham (HMP)', 'MALE'),
       ('c177c813-8178-4822-b915-25d9e424e087', 'EHI', 'Standford Hill (HMP)', 'MALE'),
       ('c177c813-8178-4822-b915-25d9e424e088', 'EXI', 'Exeter (HMP)', 'MALE'),
       ('c177c813-8178-4822-b915-25d9e424e089', 'FDI', 'Ford (HMP)', 'MALE'),
       ('c177c813-8178-4822-b915-25d9e424e090', 'FYI', 'Feltham A (HMYOI)', 'MALE'),
       ('c177c813-8178-4822-b915-25d9e424e091', 'GNI', 'Grendon (HMP)', 'MALE'),
       ('c177c813-8178-4822-b915-25d9e424e092', 'HBI', 'Hollesley Bay (HMP & YOI)', 'MALE'),
       ('c177c813-8178-4822-b915-25d9e424e093', 'HCI', 'Huntercombe (HMP)', 'MALE'),
       ('c177c813-8178-4822-b915-25d9e424e094', 'HDI', 'Hatfield (HMP & YOI)', 'MALE'),
       ('c177c813-8178-4822-b915-25d9e424e095', 'HEI', 'Hewell (HMP)', 'MALE'),
       ('c177c813-8178-4822-b915-25d9e424e096', 'HVI', 'Haverigg (HMP)', 'MALE'),
       ('c177c813-8178-4822-b915-25d9e424e097', 'KMI', 'Kirkham (HMP)', 'MALE'),
       ('c177c813-8178-4822-b915-25d9e424e098', 'KVI', 'Kirklevington Grange (HMP)', 'MALE'),
       ('c177c813-8178-4822-b915-25d9e424e099', 'LCI', 'Leicester (HMP)', 'MALE'),
       ('c177c813-8178-4822-b915-25d9e424e100', 'LEI', 'Leeds (HMP)', 'MALE'),
       ('c177c813-8178-4822-b915-25d9e424e101', 'LII', 'Lincoln (HMP & YOI)', 'MALE'),
       ('c177c813-8178-4822-b915-25d9e424e102', 'LYI', 'Leyhill (HMP)', 'MALE'),
       ('c177c813-8178-4822-b915-25d9e424e103', 'MHI', 'Morton Hall (HMP)', 'MALE'),
       ('c177c813-8178-4822-b915-25d9e424e104', 'MSI', 'Maidstone (HMP)', 'MALE'),
       ('c177c813-8178-4822-b915-25d9e424e105', 'NMI', 'Nottingham (HMP)', 'MALE'),
       ('c177c813-8178-4822-b915-25d9e424e106', 'NSI', 'North Sea Camp (HMP)', 'MALE'),
       ('c177c813-8178-4822-b915-25d9e424e107', 'NWI', 'Norwich (HMP & YOI)', 'MALE'),
       ('c177c813-8178-4822-b915-25d9e424e108', 'PNI', 'Preston (HMP)', 'MALE'),
       ('c177c813-8178-4822-b915-25d9e424e109', 'PVI', 'Pentonville (HMP & YOI)', 'MALE'),
       ('c177c813-8178-4822-b915-25d9e424e111', 'SPI', 'Spring Hill (HMP)', 'MALE'),
       ('c177c813-8178-4822-b915-25d9e424e112', 'STC3', 'Oakhill (STC)', 'MALE'),
       ('c177c813-8178-4822-b915-25d9e424e113', 'SUI', 'Sudbury (HMP)', 'MALE'),
       ('c177c813-8178-4822-b915-25d9e424e114', 'SWI', 'Swansea (HMP)', 'MALE'),
       ('c177c813-8178-4822-b915-25d9e424e115', 'TCI', 'Thorn Cross (HMP & YOI)', 'MALE'),
       ('c177c813-8178-4822-b915-25d9e424e116', 'TSI', 'Thameside (HMP)', 'MALE'),
       ('c177c813-8178-4822-b915-25d9e424e117', 'UPI', 'Prescoed (HMP & YOI)', 'MALE'),
       ('c177c813-8178-4822-b915-25d9e424e118', 'VEI', 'The Verne (HMP)', 'MALE'),
       ('c177c813-8178-4822-b915-25d9e424e119', 'WCI', 'Winchester (HMP & YOI)', 'MALE'),
       ('c177c813-8178-4822-b915-25d9e424e120', 'WII', 'Warren Hill (HMP)', 'MALE'),
       ('c177c813-8178-4822-b915-25d9e424e121', 'WNI', 'Werrington (HMYOI)', 'MALE'),
       ('c177c813-8178-4822-b915-25d9e424e122', 'WSI', 'Wormwood Scrubs (HMP)', 'MALE'),
       ('c177c813-8178-4822-b915-25d9e424e124', 'WYI', 'Wetherby (HMYOI)', 'MALE'),
       ('c177c813-8178-4822-b915-25d9e424e125', 'WWI', 'Wandsworth (HMP)', 'MALE'),
       ('c177c813-8178-4822-b915-25d9e424f008', 'BZI', 'Bronzefield (HMP & YOI)', 'FEMALE'),
       ('c177c813-8178-4822-b915-25d9e424f009', 'ESI', 'East Sutton Park (HMP & YOI)', 'FEMALE'),
       ('c177c813-8178-4822-b915-25d9e424f010', 'EWI', 'Eastwood Park (HMP & YOI)', 'FEMALE'),
       ('c177c813-8178-4822-b915-25d9e424f011', 'SDI', 'Send (HMP)', 'FEMALE');

INSERT INTO offering (offering_id, course_id, organisation_id, contact_email, secondary_contact_email, withdrawn,
                      referable, version)
VALUES ('83053573-4a44-43d6-9090-79875c7512c5', '79f843a4-d14c-49f4-8e37-a6f2de5d6b28', 'FNI',
        'FullSuttonPsychologyDepartmentalmailbox@justice.gov.uk', NULL, true, true, 0),
       ('a8a18442-17e0-4d17-8637-967253458721', '79f843a4-d14c-49f4-8e37-a6f2de5d6b28', 'MTI',
        'Programmesthemount@justice.gov.uk', NULL, true, true, 0),
       ('263fc568-3603-4223-b333-1e67c97bdcf9', '79f843a4-d14c-49f4-8e37-a6f2de5d6b28', 'FKI',
        'Psychologyandprogrammes.frankland@justice.gov.uk', NULL, true, true, 0),
       ('69a52bda-96ac-4c6e-9723-e49be1ff0a0e', '79f843a4-d14c-49f4-8e37-a6f2de5d6b28', 'MRI',
        'Programmes-manchester@justice.gov.uk', NULL, true, true, 0),
       ('6640d467-67f7-4566-9c34-7a422da18aba', '79f843a4-d14c-49f4-8e37-a6f2de5d6b28', 'LLI',
        'PsychologicalServices.LongLartin@justice.gov.uk', NULL, true, true, 0),
       ('ba4bf79f-4ffd-4d84-b51d-23f3728ce4e6', '79f843a4-d14c-49f4-8e37-a6f2de5d6b28', 'GHI',
        'ProgrammesGarth@justice.gov.uk', NULL, true, true, 0),
       ('7d7d829d-6b31-43e1-91bb-2a1c0567a93d', '79f843a4-d14c-49f4-8e37-a6f2de5d6b28', 'BAI',
        'ProgrammesBelmarsh@justice.gov.uk', NULL, true, true, 0),
       ('de885fdd-f37d-43f7-be43-ce4fb29c0d19', '79f843a4-d14c-49f4-8e37-a6f2de5d6b28', 'SNI',
        'Programmes.Swinfen@justice.gov.uk', NULL, true, true, 0),
       ('e117f7d6-2c64-4d37-ac1e-92cc985d1622', '79f843a4-d14c-49f4-8e37-a6f2de5d6b28', 'WRI',
        'PsychologyAdmin.Whitemoor@justice.gov.uk', NULL, true, true, 0),
       ('b91e4040-e371-49dc-8ff9-8ce9c33d50fe', '79f843a4-d14c-49f4-8e37-a6f2de5d6b28', 'AYI',
        'programmesadmin.aylesbury@justice.gov.uk', NULL, true, true, 0),
       ('212c2e8f-1e7b-45f3-a0ea-e4dc8a5c0dfd', '79f843a4-d14c-49f4-8e37-a6f2de5d6b28', 'SLI',
        'ATBSheppeyCluster@justice.gov.uk', NULL, true, true, 0),
       ('c5ce1669-cda2-4763-8ec9-0c7d6f6d42d5', '5d29f8b5-7673-4366-af67-a84138461cc6', 'OWI',
        'interventions.oakwood@uk.g4s.com', NULL, true, true, 0),
       ('70d07335-6f98-4fa1-b8ee-47ef5d17aca8', '79f843a4-d14c-49f4-8e37-a6f2de5d6b28', 'GTI',
        'PsychologyandProgrammes.Gartree@justice.gov.uk', NULL, true, true, 0),
       ('cdc24744-8856-4395-ba88-1b2556f643d9', '79f843a4-d14c-49f4-8e37-a6f2de5d6b28', 'ISI',
        'Interventions.isis@justice.gov.uk', NULL, true, true, 0),
       ('9c3c0990-bcc1-4628-97e8-510db0c8c24c', '79f843a4-d14c-49f4-8e37-a6f2de5d6b28', 'DGI',
        'Dovegate.OBFacilitators@serco.com', NULL, true, true, 0),
       ('49c2df90-e9e8-4ed9-b8a6-01db1c358837', '79f843a4-d14c-49f4-8e37-a6f2de5d6b28', 'DNI',
        'Programmes.Doncaster@serco.com', NULL, true, true, 0),
       ('81dcd4ef-44da-4365-96d7-246f38c5ad47', '2be8daf4-f23c-43bc-9e3c-884878eba285', 'GHI',
        'ProgrammesGarth@justice.gov.uk', NULL, false, true, 0),
       ('029dc756-1c51-42d9-9a7a-c0531f9a4058', 'b4af1bbc-1b30-434a-8edc-ae4880c05def', 'GHI',
        'ProgrammesGarth@justice.gov.uk', NULL, false, true, 0),
       ('4302e89e-f007-4d53-94ad-e67e69f8fd00', '8bdf26a2-c394-470e-a6d3-6d64c79eddd0', 'RCI',
        'ProgrammesReferralsRochester@justice.gov.uk', NULL, false, true, 0),
       ('e298e07a-938b-49fd-85aa-ca4c924c7477', '65c8d904-5be1-4a7e-9b19-de7b217467fd', 'UKI',
        'ProgrammesUSK@justice.gov.uk', NULL, true, true, 0),
       ('68d5ddde-0532-4c48-b483-6a211abebd35', 'cfe356ed-788c-49a3-bb3c-f1ee1a8012da', 'DNI',
        'Programmes.Doncaster@serco.com', NULL, false, true, 0),
       ('ce07c5d0-17fe-4fc1-b1a7-52f5db529637', 'cfe356ed-788c-49a3-bb3c-f1ee1a8012da', 'FEI',
        'laura.gardner@serco.com', NULL, false, true, 0),
       ('3a595d30-a4c8-4faf-bc80-1cc6aa6d4774', 'cfe356ed-788c-49a3-bb3c-f1ee1a8012da', 'HOI',
        'Programmes.highdown@justice.gov.uk', NULL, false, true, 0),
       ('fe2b0624-b9fb-4def-acaa-a832980a1e93', 'bb7e2591-20ae-4426-b0f2-ccccd7c49a40', 'RNI',
        'Programmes.Ranby@justice.gov.uk', NULL, false, true, 0),
       ('0ef90980-516f-4cf3-8754-a2426c83bc9b', '5d29f8b5-7673-4366-af67-a84138461cc6', 'FNI',
        'FullSuttonPsychologyDepartmentalmailbox@justice.gov.uk', NULL, false, true, 0),
       ('3f6945ce-e51d-4e2f-9e73-291862033c92', '5d29f8b5-7673-4366-af67-a84138461cc6', 'LTI',
        'programmeslittlehey@justice.gov.uk', NULL, false, true, 0),
       ('95381d28-129e-49fc-9da7-1f5e598aa1a6', '5d29f8b5-7673-4366-af67-a84138461cc6', 'GTI',
        'PsychologyandProgrammes.Gartree@justice.gov.uk', 'GartreeTherapeuticCommunity@justice.gov.uk', false, true, 0),
       ('fa9f86f3-9455-4b20-a015-08290caaac26', 'b2177e1a-9077-4b18-9394-1c30187c0806', 'BNI',
        'Bullingdon.programmes@justice.gov.uk', NULL, false, true, 0),
       ('04754387-b97e-4b13-8b64-88889177b3b3', 'b2177e1a-9077-4b18-9394-1c30187c0806', 'BSI',
        'programmes.brinsford@justice.gov.uk', NULL, false, true, 0),
       ('2aae04d1-9774-40c3-bca2-5877c842ce46', 'b2177e1a-9077-4b18-9394-1c30187c0806', 'HOI',
        'Programmes.highdown@justice.gov.uk', NULL, false, true, 0),
       ('5823495f-c7da-4a2f-8348-b92150a33de0', 'b2177e1a-9077-4b18-9394-1c30187c0806', 'SHI',
        'Programmes.StokeHeath2@justice.gov.uk', NULL, false, true, 0),
       ('af34e7b6-a1da-444d-af52-010dbe4af386', 'b2177e1a-9077-4b18-9394-1c30187c0806', 'GMI',
        'Progammes.guysmarsh@justice.gov.uk', NULL, false, true, 0),
       ('f819663f-b5af-4bcb-8cdb-56ff00ad784e', 'b2177e1a-9077-4b18-9394-1c30187c0806', 'CWI',
        'Programmes.channingswood@justice.gov.uk', NULL, false, true, 0),
       ('0ba1c160-5083-43e5-8cbe-5a083b9d456f', 'b2177e1a-9077-4b18-9394-1c30187c0806', 'WLI',
        'Programmes.Wayland@justice.gov.uk', NULL, false, true, 0),
       ('0014f332-e5f8-497e-970a-8ca1e457796d', 'b2177e1a-9077-4b18-9394-1c30187c0806', 'HMI',
        'programmeshumber@justice.gov.uk', NULL, false, true, 0),
       ('e34943e9-6e0c-4892-8d32-2b2c997f4e22', 'bb7e2591-20ae-4426-b0f2-ccccd7c49a40', 'HPI',
        'kaizen.highpoint@justice.gov.uk', NULL, false, true, 0),
       ('d8699961-054d-4ad4-8073-e5d17b278204', 'b2177e1a-9077-4b18-9394-1c30187c0806', 'GHI',
        'ProgrammesGarth@justice.gov.uk', NULL, false, true, 0),
       ('6f06ec0d-9913-450e-96f8-b4c18504d4ce', 'b2177e1a-9077-4b18-9394-1c30187c0806', 'NLI',
        'obpunorthumberland@justice.gov.uk', NULL, false, true, 0),
       ('0c8a90a3-f52e-452d-bd48-43252d453dcf', '6d9e8916-8ad2-410b-a349-f17c3c404ae8', 'BNI',
        'Bullingdon.programmes@justice.gov.uk', NULL, false, true, 0),
       ('c1c56930-105b-4f4e-84ff-2a6f1d9a3562', '6d9e8916-8ad2-410b-a349-f17c3c404ae8', 'HMI',
        'programmeshumber@justice.gov.uk', NULL, false, true, 0),
       ('650b9cec-2cd4-4ff6-97dc-c7affeee5743', '6d9e8916-8ad2-410b-a349-f17c3c404ae8', 'SHI',
        'Programmes.StokeHeath2@justice.gov.uk', NULL, false, true, 0),
       ('5e81f1da-9281-4ee1-b6a7-37329c332444', '6d9e8916-8ad2-410b-a349-f17c3c404ae8', 'HOI',
        'Programmes.highdown@justice.gov.uk', NULL, false, true, 0),
       ('2c910b85-9015-4e0c-8a59-736f02ee4609', '6d9e8916-8ad2-410b-a349-f17c3c404ae8', 'GMI',
        'Progammes.guysmarsh@justice.gov.uk', NULL, false, true, 0),
       ('454769a0-5246-4085-8293-4a7ba7850cb3', '6d9e8916-8ad2-410b-a349-f17c3c404ae8', 'WLI',
        'Programmes.Wayland@justice.gov.uk', NULL, false, true, 0),
       ('9c4390ab-4a8e-4d15-911a-56e793d65a60', '6d9e8916-8ad2-410b-a349-f17c3c404ae8', 'NLI',
        'obpunorthumberland@justice.gov.uk', NULL, false, true, 0),
       ('461593c2-55ad-4781-9e2d-00aeb5bbba4e', '6c5ddecb-e972-46d2-8d0b-43b03a6c01fd', 'NLI',
        'obpunorthumberland@justice.gov.uk', NULL, false, true, 0),
       ('cff6246c-de13-49fc-8c8b-d37b336d93b0', '6c5ddecb-e972-46d2-8d0b-43b03a6c01fd', 'BRI', 'obpbure@justice.gov.uk',
        NULL, false, true, 0),
       ('f5a4d43c-7580-477c-b76e-5775f92960be', '6c5ddecb-e972-46d2-8d0b-43b03a6c01fd', 'WDI',
        'AssessmentInterventionsCentre.Wakefield@justice.gov.uk', NULL, false, true, 0),
       ('3a873e63-35c1-458d-8cf0-83e92abdb228', 'b2177e1a-9077-4b18-9394-1c30187c0806', 'PRI', 'anna.brunt@uk.g4s.com',
        NULL, false, true, 0),
       ('104c0bc6-2e53-4e6e-a517-2a2b3265bb65', '79f843a4-d14c-49f4-8e37-a6f2de5d6b28', 'WMI',
        'programmeswymott@justice.gov.uk', NULL, true, true, 0),
       ('556789d8-d1a8-49e5-b256-1c0072b961ca', 'bb7e2591-20ae-4426-b0f2-ccccd7c49a40', 'FNI',
        'FullSuttonPsychologyDepartmentalmailbox@justice.gov.uk', NULL, false, true, 0),
       ('53319404-6e0c-4472-83e8-1400a53b1af4', '6c5ddecb-e972-46d2-8d0b-43b03a6c01fd', 'WMI',
        'programmeswymott@justice.gov.uk', '', true, false, 1),
       ('9dcdc763-f1c5-4a67-85e1-65f0aac6a582', 'cfe356ed-788c-49a3-bb3c-f1ee1a8012da', 'RSI',
        'programmesrisley@justice.gov.uk', '', true, false, 1),
       ('0c8b2b28-07dd-4df0-87cc-c808b9a75308', '5d29f8b5-7673-4366-af67-a84138461cc6', 'NLI',
        'obpunorthumberland@justice.gov.uk', NULL, true, true, 0),
       ('0aad5345-001b-4f02-872f-35889de434ba', '2be8daf4-f23c-43bc-9e3c-884878eba285', 'NLI',
        'obpunorthumberland@justice.gov.uk', NULL, true, true, 0),
       ('cbd2684b-de08-46a0-9d1c-b7913b8dfb2d', '79f843a4-d14c-49f4-8e37-a6f2de5d6b28', 'FMI',
        'Programmes.Feltham@justice.gov.uk', NULL, true, true, 0),
       ('eba1d62d-70b8-4fdb-b4ce-ea610c87f2ca', 'f82bad35-33ae-46b8-93d0-4ffbeb9a2bed', 'DAI',
        'programmes.dartmoor@justice.gov.uk', '', true, false, 1),
       ('b62489f3-17b1-4f61-9017-6c92a5fae9cb', 'bb7e2591-20ae-4426-b0f2-ccccd7c49a40', 'DAI',
        'programmes.dartmoor@justice.gov.uk', '', true, false, 1),
       ('32f82fc2-fd7f-495c-b4df-ff31d033c85e', '6d9e8916-8ad2-410b-a349-f17c3c404ae8', 'FEI',
        'laura.gardner@serco.com', '', false, false, 1),
       ('f3efbecf-c3a0-4581-8ace-067bee48922a', 'b2177e1a-9077-4b18-9394-1c30187c0806', 'FEI',
        'laura.gardner@serco.com', '', false, false, 1),
       ('331ffea5-b4cc-49fd-afbd-c425525e6a17', '6d9e8916-8ad2-410b-a349-f17c3c404ae8', 'BWI',
        'interventions.berwyn@justice.gov.uk', '', true, false, 1),
       ('43268e85-8cff-4972-8675-e9f8471286a4', 'b2177e1a-9077-4b18-9394-1c30187c0806', 'BWI',
        'interventions.berwyn@justice.gov.uk', '', true, false, 1),
       ('fb6cbe58-d69b-4a47-9c27-41af66642a5c', '6c5ddecb-e972-46d2-8d0b-43b03a6c01fd', 'WTI',
        'whattonprogrammes@justice.gov.uk', '', false, false, 1),
       ('e2fcd98a-12f6-4860-b9b9-154fcb5d7a6d', 'cfe356ed-788c-49a3-bb3c-f1ee1a8012da', 'WMI',
        'programmeswymott@justice.gov.uk', '', true, false, 1),
       ('ac1a3178-5f94-4f29-815e-4b89eedc87c1', '6d9e8916-8ad2-410b-a349-f17c3c404ae8', 'RSI',
        'programmesrisley@justice.gov.uk', '', true, false, 1),
       ('60942aa5-36e7-4277-ab58-c1e3890b9120', 'b2177e1a-9077-4b18-9394-1c30187c0806', 'RSI',
        'programmesrisley@justice.gov.uk', '', true, false, 1),
       ('62838e61-96bd-47f4-8e53-df8ae49098a2', '6d9e8916-8ad2-410b-a349-f17c3c404ae8', 'PFI',
        'PBProgrammes@sodexogov.co.uk', '', true, false, 1),
       ('5a8e6e16-2de1-4193-8802-252ed8c53eb9', 'b2177e1a-9077-4b18-9394-1c30187c0806', 'PFI',
        'PBProgrammes@sodexogov.co.uk', '', true, false, 1),
       ('37f9abaf-45db-4437-b9b5-ea9c4bf035d6', '2be8daf4-f23c-43bc-9e3c-884878eba285', 'LGI',
        'lowdham.programmes@justice.gov.uk', '', false, true, 1),
       ('cccd1e86-fbf0-4fb2-af30-54ebb4be402e', 'b4af1bbc-1b30-434a-8edc-ae4880c05def', 'LGI',
        'lowdham.programmes@justice.gov.uk', '', false, true, 1),
       ('a9b1f492-6edf-4f41-81db-8d5524970517', 'b2177e1a-9077-4b18-9394-1c30187c0806', 'LGI',
        'lowdham.programmes@justice.gov.uk', '', false, true, 1),
       ('61e1918b-0370-418f-b306-680a952c7ea7', 'bb7e2591-20ae-4426-b0f2-ccccd7c49a40', 'DGI',
        'Dovegate.OBFacilitators@serco.com', '', false, true, 1),
       ('474eae77-23a1-458b-b6af-e1782b5eefa9', '6c5ddecb-e972-46d2-8d0b-43b03a6c01fd', 'IWI',
        'programmesiow@justice.gov.uk', 'PsychologyIOW@justice.gov.uk', false, true, 0),
       ('a23f31e8-118f-4341-8775-67ed2f611f18', '6c5ddecb-e972-46d2-8d0b-43b03a6c01fd', 'BNI',
        'Bullingdon.programmes@justice.gov.uk', NULL, false, true, 0),
       ('b45518d6-4c96-4241-9049-e5bc23d7dca6', '6c5ddecb-e972-46d2-8d0b-43b03a6c01fd', 'RHI',
        'programmesfunctionalmailbox@uk.g4s.com', NULL, false, true, 0),
       ('05a3ca04-2320-4d3f-b817-b34e0f59b630', 'f82bad35-33ae-46b8-93d0-4ffbeb9a2bed', 'ACI',
        'AC.AccreditedInterventions@sodexogov.co.uk', NULL, false, true, 0),
       ('65365398-7904-4d91-9d0c-4e353767ffdf', 'f82bad35-33ae-46b8-93d0-4ffbeb9a2bed', 'DWI', 'TBC', NULL, false, true,
        0),
       ('ac675397-e583-4e02-9842-f8da62564868', 'f82bad35-33ae-46b8-93d0-4ffbeb9a2bed', 'FEI',
        'laura.gardner@serco.com', NULL, false, true, 0),
       ('b318bdea-9b64-450c-ba1b-a6554b2c631b', 'f82bad35-33ae-46b8-93d0-4ffbeb9a2bed', 'GTI',
        'PsychologyandProgrammes.Gartree@justice.gov.uk', 'GartreeTherapeuticCommunity@justice.gov.uk', false, true, 0),
       ('401b3a61-a8c5-44bc-8ae9-e1a98ac05f92', 'f82bad35-33ae-46b8-93d0-4ffbeb9a2bed', 'SKI',
        'tsp.resolve.stocken@justice.gov.uk', NULL, false, true, 0),
       ('4000ac70-e2f3-4002-ae0a-86a79731f581', 'f82bad35-33ae-46b8-93d0-4ffbeb9a2bed', 'HPI',
        'kaizen.highpoint@justice.gov.uk', NULL, false, true, 0),
       ('d8eb708f-f606-42c9-abd6-52f922194637', 'b4af1bbc-1b30-434a-8edc-ae4880c05def', 'NLI',
        'obpunorthumberland@justice.gov.uk', NULL, true, true, 0),
       ('f8aaf7ba-e534-4801-ab23-a5f7ee81138b', 'f82bad35-33ae-46b8-93d0-4ffbeb9a2bed', 'DHI', 'TBC', '', false, false,
        1),
       ('b887922b-dd7b-480b-8f4e-590f6b0567e6', 'f82bad35-33ae-46b8-93d0-4ffbeb9a2bed', 'LFI',
        'programmes.lancasterfarms@justice.gov.uk', '', true, false, 1),
       ('b6b39100-eb5c-418e-ae79-10c9b70c72be', 'f82bad35-33ae-46b8-93d0-4ffbeb9a2bed', 'LNI',
        'programmes.lownewton@justice.gov.uk', '', true, false, 1),
       ('93549595-3496-4bf3-850e-fa817a48ae58', '5d29f8b5-7673-4366-af67-a84138461cc6', 'WMI',
        'programmeswymott@justice.gov.uk', '', true, false, 1),
       ('fae4c5cd-47cc-4dee-af2f-95eeb274c450', '6c5ddecb-e972-46d2-8d0b-43b03a6c01fd', 'RSI',
        'programmesrisley@justice.gov.uk', '', true, false, 1),
       ('f317a1ab-3aed-405a-b5d0-7afffd9f20f7', 'f82bad35-33ae-46b8-93d0-4ffbeb9a2bed', 'MTI',
        'Programmesthemount@justice.gov.uk', NULL, false, true, 0),
       ('c207ceb1-f396-467e-9e50-50f11536de47', 'f82bad35-33ae-46b8-93d0-4ffbeb9a2bed', 'GHI',
        'ProgrammesGarth@justice.gov.uk', NULL, false, true, 0),
       ('9fd1488b-7496-4d71-90a2-1e94d9dddee9', 'f82bad35-33ae-46b8-93d0-4ffbeb9a2bed', 'STI',
        'Programmes.Styal@justice.gov.uk', NULL, false, true, 0),
       ('caea955c-bf23-4f84-a1be-3bbe282f5164', 'f82bad35-33ae-46b8-93d0-4ffbeb9a2bed', 'RNI',
        'Programmes.Ranby@justice.gov.uk', NULL, false, true, 0),
       ('17e25c22-34b3-48de-85da-62c22efe1842', '65c8d904-5be1-4a7e-9b19-de7b217467fd', 'WHI',
        'programmes.woodhill@justice.gov.uk', NULL, true, true, 0),
       ('efaf8ade-aaf1-4529-bb51-2686ff47eb0c', '65c8d904-5be1-4a7e-9b19-de7b217467fd', 'BNI',
        'Bullingdon.programmes@justice.gov.uk', NULL, true, true, 0),
       ('409ee21d-a47d-4ffb-a2de-c2a1bc963c3f', '65c8d904-5be1-4a7e-9b19-de7b217467fd', 'WMI',
        'programmeswymott@justice.gov.uk', NULL, true, true, 0),
       ('4c8ae3a1-50a0-4a7f-a874-d9cd7ced9a0f', '56eaee07-ae91-4b21-9fae-a4c96c359481', 'PFI',
        'PBProgrammes@sodexogov.co.uk', '', false, true, 0),
       ('b9e03516-41e1-4adb-a6f1-51eba9ef5852', '8bdf26a2-c394-470e-a6d3-6d64c79eddd0', 'WMI',
        'programmeswymott@justice.gov.uk', '', true, false, 1),
       ('29587154-c805-4251-802b-b3fd83195119', 'b2177e1a-9077-4b18-9394-1c30187c0806', 'PBI',
        'PBProgrammes@sodexogov.co.uk', '', false, true, 0),
       ('55c276ef-206f-40be-aab8-163b79015f0c', 'bb7e2591-20ae-4426-b0f2-ccccd7c49a40', 'SKI',
        'kaizen.stocken@justice.gov.uk', NULL, false, true, 0),
       ('f5145b20-1f2f-4e9c-9437-97bb2f931c07', 'bb7e2591-20ae-4426-b0f2-ccccd7c49a40', 'GTI',
        'PsychologyandProgrammes.Gartree@justice.gov.uk', NULL, false, true, 0),
       ('e3432c89-0900-4ed1-b3f9-df4edf2b6b49', '56eaee07-ae91-4b21-9fae-a4c96c359481', 'PBI',
        'PBProgrammes@sodexogov.co.uk', '', false, true, 0),
       ('ce518dbd-197c-4493-8572-f2348589b34f', 'bb7e2591-20ae-4426-b0f2-ccccd7c49a40', 'BWI',
        'interventions.berwyn@justice.gov.uk', '', true, false, 1),
       ('646b5367-b85d-48ed-9993-9b27a6ef8ff6', '6c5ddecb-e972-46d2-8d0b-43b03a6c01fd', 'UKI',
        'ProgrammesUSK@justice.gov.uk', '', false, true, 0),
       ('60c256ff-ac21-46da-b3b1-f6023433da87', 'bb7e2591-20ae-4426-b0f2-ccccd7c49a40', 'MRI',
        'Programmes-manchester@justice.gov.uk', NULL, false, true, 0),
       ('a6f527da-ddd7-4eed-a5f4-d82d215a8a47', 'bb7e2591-20ae-4426-b0f2-ccccd7c49a40', 'HHI',
        'programmes.holmehouse@justice.gov.uk', NULL, false, true, 0),
       ('5223adf1-b526-47c4-9de6-8d41835ef5ca', 'bb7e2591-20ae-4426-b0f2-ccccd7c49a40', 'LLI',
        'PsychologicalServices.LongLartin@justice.gov.uk', NULL, false, true, 0),
       ('0409867a-66ec-4c64-b625-7f3d9b1f0a36', 'bb7e2591-20ae-4426-b0f2-ccccd7c49a40', 'GHI',
        'ProgrammesGarth@justice.gov.uk', NULL, false, true, 0),
       ('0543ac05-7ec1-4ab5-893b-6ce475f7569b', 'bb7e2591-20ae-4426-b0f2-ccccd7c49a40', 'WRI',
        'PsychologyAdmin.Whitemoor@justice.gov.uk', NULL, false, true, 0),
       ('e8e3673e-bf1c-4a02-bde8-52045547de5d', 'bb7e2591-20ae-4426-b0f2-ccccd7c49a40', 'AYI',
        'programmesadmin.aylesbury@justice.gov.uk', NULL, false, true, 0),
       ('8222133a-fcce-4f36-9e6c-f0d7d8bc87a7', 'bb7e2591-20ae-4426-b0f2-ccccd7c49a40', 'SLI',
        'ATBSheppeyCluster@justice.gov.uk', NULL, false, true, 0),
       ('7e30d99e-4ac7-4132-b459-1daca7fc7742', 'bb7e2591-20ae-4426-b0f2-ccccd7c49a40', 'WLI',
        'Programmes.Wayland@justice.gov.uk', NULL, false, true, 0),
       ('99c66722-29fa-4c90-b8b1-e88076ee3aeb', 'bb7e2591-20ae-4426-b0f2-ccccd7c49a40', 'DTI',
        'omu.deerbolt@justice.gov.uk', NULL, false, true, 0),
       ('ce92901d-2bc7-4f2d-97f2-95ad9024a1f3', 'bb7e2591-20ae-4426-b0f2-ccccd7c49a40', 'WHI',
        'programmes.woodhill@justice.gov.uk', NULL, false, true, 0),
       ('df94c359-5850-4a7f-a33e-4f32de8e03c3', 'bb7e2591-20ae-4426-b0f2-ccccd7c49a40', 'FSI',
        'Programmes.featherstone@justice.gov.uk', NULL, false, true, 0),
       ('0532a124-0137-407f-b4bd-c405271ec1fd', '5d29f8b5-7673-4366-af67-a84138461cc6', 'SKI',
        'kaizen.stocken@justice.gov.uk', NULL, false, true, 0),
       ('39a160e0-3d64-4184-8215-5b532b747264', '5d29f8b5-7673-4366-af67-a84138461cc6', 'SLI',
        'ATBSheppeyCluster@justice.gov.uk', NULL, false, true, 0),
       ('27cc0708-3c0b-41c8-87f9-c6eb9ab86590', '5d29f8b5-7673-4366-af67-a84138461cc6', 'EEI',
        'kaizen.erlestoke@justice.gov.uk', 'Programmes.erlestoke@justice.gov.uk', false, true, 0),
       ('d847e7a2-98b2-4f69-952b-92ba7a7f7f9a', '5d29f8b5-7673-4366-af67-a84138461cc6', 'HHI',
        'programmes.holmehouse@justice.gov.uk', NULL, false, true, 0),
       ('c8be7606-b1e6-43d8-b13f-faec0c5702a5', 'f82bad35-33ae-46b8-93d0-4ffbeb9a2bed', 'NHI',
        'Newhall.programmes@justice.gov.uk', '', true, false, 1),
       ('7d86dac5-51ac-4814-ba38-d96eb3a45629', '5d29f8b5-7673-4366-af67-a84138461cc6', 'HPI',
        'kaizen.highpoint@justice.gov.uk', NULL, false, true, 0),
       ('f189c301-5d25-4494-8a63-7a62d56146e1', '6491488f-8025-44d8-8c51-a06e41564232', 'LTI',
        'programmeslittlehey@justice.gov.uk', NULL, false, true, 0),
       ('a1a778d8-738e-40ec-b0eb-afc43a7df33c', '6491488f-8025-44d8-8c51-a06e41564232', 'UKI',
        'ProgrammesUSK@justice.gov.uk', NULL, false, true, 0),
       ('839e2c4a-4e54-4ca2-9e74-545508c6ef56', '6491488f-8025-44d8-8c51-a06e41564232', 'HLI',
        'programmeshull@justice.gov.uk', NULL, false, true, 0),
       ('415ed6f9-21e3-4062-866f-3589432de8d2', '6491488f-8025-44d8-8c51-a06e41564232', 'WMI',
        'programmeswymott@justice.gov.uk', '', true, false, 1),
       ('1e6e47bc-b969-4abc-a62e-6834b3acfbfe', '6491488f-8025-44d8-8c51-a06e41564232', 'BRI', 'obpbure@justice.gov.uk',
        NULL, false, true, 0),
       ('f6e82ef6-3041-4b59-bef0-1dce58649b70', '6491488f-8025-44d8-8c51-a06e41564232', 'IWI',
        'programmesiow@justice.gov.uk', 'PsychologyIOW@justice.gov.uk', false, true, 0),
       ('0adbc848-e456-4160-a840-0ac219ee93d9', '6491488f-8025-44d8-8c51-a06e41564232', 'WDI',
        'AssessmentInterventionsCentre.Wakefield@justice.gov.uk', NULL, false, true, 0),
       ('0e95bfb5-7f0f-4460-87b9-6a4196387fe5', 'afaa1816-d15b-4d3b-a1aa-22d2486ac38e', 'UKI',
        'ProgrammesUSK@justice.gov.uk', '', true, false, 1),
       ('456084ea-667f-4750-88cb-f2faa8f5d06b', '6d89302b-8d8f-4df3-924c-8776212ee7a5', 'WTI',
        'whattonprogrammes@justice.gov.uk', '', false, false, 1),
       ('cb050df0-3ed9-4228-af47-5e821930cc8f', '6d89302b-8d8f-4df3-924c-8776212ee7a5', 'BRI', 'obpbure@justice.gov.uk',
        NULL, false, true, 0),
       ('45253e4d-58cb-4213-b4eb-023c2a4e35fc', '6d89302b-8d8f-4df3-924c-8776212ee7a5', 'IWI',
        'programmesiow@justice.gov.uk', 'PsychologyIOW@justice.gov.uk', false, true, 0),
       ('4f1294a4-031f-4b06-96f5-321ef04af382', 'f82bad35-33ae-46b8-93d0-4ffbeb9a2bed', 'AYI',
        'programmesadmin.aylesbury@justice.gov.uk', NULL, false, true, 0),
       ('dd6b280b-84f4-48b6-96fc-27bf8e35fc58', 'f82bad35-33ae-46b8-93d0-4ffbeb9a2bed', 'SLI',
        'ATBSheppeyCluster@justice.gov.uk', NULL, false, true, 0),
       ('a3174c1e-12be-46ec-990f-b7b55ad85691', 'f82bad35-33ae-46b8-93d0-4ffbeb9a2bed', 'MDI',
        'hmpmoorland.programmes@justice.gov.uk', NULL, false, true, 0),
       ('edd50d7e-eb2c-4548-95f0-29be81edfea1', 'f82bad35-33ae-46b8-93d0-4ffbeb9a2bed', 'EYI',
        'Elmley.programmes@justice.gov.uk', NULL, false, true, 0),
       ('0f9da64c-088a-4730-a691-75ae19310132', 'f82bad35-33ae-46b8-93d0-4ffbeb9a2bed', 'SHI',
        'Programmes.StokeHeath2@justice.gov.uk', NULL, false, true, 0),
       ('be38f214-1476-4546-b2a7-ce2a97ffa11a', 'f82bad35-33ae-46b8-93d0-4ffbeb9a2bed', 'WLI',
        'Programmes.Wayland@justice.gov.uk', NULL, false, true, 0),
       ('615d617c-fca1-4d40-ae48-e15e42db964b', 'f82bad35-33ae-46b8-93d0-4ffbeb9a2bed', 'BSI',
        'programmes.brinsford@justice.gov.uk', NULL, false, true, 0),
       ('6873c220-7acb-4773-bacb-8fba0703ca9d', 'f82bad35-33ae-46b8-93d0-4ffbeb9a2bed', 'WHI',
        'programmes.woodhill@justice.gov.uk', NULL, false, true, 0),
       ('802f772f-8e06-43e6-b118-addcd7536c42', 'f82bad35-33ae-46b8-93d0-4ffbeb9a2bed', 'FSI',
        'Programmes.featherstone@justice.gov.uk', NULL, false, true, 0),
       ('790ac130-7987-4af4-a213-aa0861936f32', 'f82bad35-33ae-46b8-93d0-4ffbeb9a2bed', 'GMI',
        'Progammes.guysmarsh@justice.gov.uk', NULL, false, true, 0),
       ('a15de746-f123-4460-9ac6-d5ac1ada0c9e', 'f82bad35-33ae-46b8-93d0-4ffbeb9a2bed', 'HOI',
        'Programmes.highdown@justice.gov.uk', NULL, false, true, 0),
       ('0a9db4a2-bf29-4526-a25e-0dcac1c058c7', 'f82bad35-33ae-46b8-93d0-4ffbeb9a2bed', 'FMI',
        'Programmes.Feltham@justice.gov.uk', NULL, false, true, 0),
       ('48f4d830-9f08-4578-8999-6f7f8b7fd5e7', 'f82bad35-33ae-46b8-93d0-4ffbeb9a2bed', 'EEI',
        'Programmes.erlestoke@justice.gov.uk', NULL, false, true, 0),
       ('926a89fb-468a-467d-86b8-caa4aabad102', 'f82bad35-33ae-46b8-93d0-4ffbeb9a2bed', 'DTI',
        'omu.deerbolt@justice.gov.uk', NULL, false, true, 0),
       ('a4b2494f-68eb-46d3-bfe5-ff2505068b5c', 'f82bad35-33ae-46b8-93d0-4ffbeb9a2bed', 'RCI',
        'ProgrammesReferralsRochester@justice.gov.uk', NULL, false, true, 0),
       ('69e1221d-ca58-4d1e-83c4-fcce893d2452', 'f82bad35-33ae-46b8-93d0-4ffbeb9a2bed', 'WEI',
        'tspwealstun@justice.gov.uk', NULL, false, true, 0),
       ('09a684c5-ebb1-43b3-ac63-b53c1da20630', 'f925d6c5-d1be-4246-88ba-91bf77dbd101', 'WTI',
        'whattonprogrammes@justice.gov.uk', NULL, false, true, 0),
       ('3834bd67-e172-4d5f-94f1-ef416e3e5e01', 'f82bad35-33ae-46b8-93d0-4ffbeb9a2bed', 'LPI',
        'programmes.liverpool@justice.gov.uk', NULL, false, true, 0),
       ('dc698772-4c5d-4395-b88e-8eaf2a3d68f5', 'f82bad35-33ae-46b8-93d0-4ffbeb9a2bed', 'MRI',
        'Programmes-manchester@justice.gov.uk', NULL, false, true, 0),
       ('cbfa9d6b-ed87-4402-a0f7-340667403f87', 'f82bad35-33ae-46b8-93d0-4ffbeb9a2bed', 'FHI',
        'programmesfostonhall@justice.gov.uk', NULL, false, true, 0),
       ('9e095b27-e4b4-433d-873b-5b33104b5236', 'f82bad35-33ae-46b8-93d0-4ffbeb9a2bed', 'HHI',
        'programmes.holmehouse@justice.gov.uk', NULL, false, true, 0),
       ('070c1f29-98db-49c6-a678-a46ee3d5e861', 'f82bad35-33ae-46b8-93d0-4ffbeb9a2bed', 'LLI',
        'PsychologicalServices.LongLartin@justice.gov.uk', NULL, false, true, 0),
       ('a499d24f-1d24-4e38-8b54-f401500e34b6', 'f82bad35-33ae-46b8-93d0-4ffbeb9a2bed', 'NLI',
        'obpunorthumberland@justice.gov.uk', NULL, false, true, 0),
       ('c085ad1c-39b0-44c6-99a0-db84fbb1b9be', 'f82bad35-33ae-46b8-93d0-4ffbeb9a2bed', 'ONI',
        'interventions.onley@justice.gov.uk', NULL, false, true, 0),
       ('19cb6c81-0d05-402c-89b6-5561580acc87', 'f82bad35-33ae-46b8-93d0-4ffbeb9a2bed', 'LHI',
        'gemma.jarvis@justice.gov.uk', NULL, false, true, 0),
       ('09a684c5-ebb1-43b3-ac63-b53c1da20631', 'f925d6c5-d1be-4246-88ba-91bf77dbd101', 'WMI',
        'programmeswymott@justice.gov.uk', NULL, false, true, 0),
       ('09a684c5-ebb1-43b3-ac63-b53c1da20632', 'f925d6c5-d1be-4246-88ba-91bf77dbd101', 'SFI',
        'Programmesadmin.stafford@justice.gov.uk', NULL, false, true, 0),
       ('daf9b8a2-c952-4f6a-8e12-9821305581c6', 'f82bad35-33ae-46b8-93d0-4ffbeb9a2bed', 'CWI',
        'Programmes.channingswood@justice.gov.uk', NULL, false, true, 0),
       ('c0a5f0d8-62b4-4576-b939-0dc6f82c8840', 'f82bad35-33ae-46b8-93d0-4ffbeb9a2bed', 'PDI',
        'Programmes.portland@justice.gov.uk', NULL, false, true, 0),
       ('96044bf4-dd1b-49e6-9edb-30157465b4a9', 'f82bad35-33ae-46b8-93d0-4ffbeb9a2bed', 'ISI',
        'Interventions.isis@justice.gov.uk', NULL, false, true, 0),
       ('deb6084e-dd94-43b8-992a-01bc9a086345', 'f82bad35-33ae-46b8-93d0-4ffbeb9a2bed', 'BMI',
        'Programmes.Birmingham@justice.gov.uk', NULL, false, true, 0),
       ('390646a8-6b28-4f2a-826f-24ef3ad0456f', 'f82bad35-33ae-46b8-93d0-4ffbeb9a2bed', 'HMI',
        'programmeshumber@justice.gov.uk', NULL, false, true, 0),
       ('b13e6f15-3a49-424c-a470-680932831ec1', 'f82bad35-33ae-46b8-93d0-4ffbeb9a2bed', 'BAI',
        'ProgrammesBelmarsh@justice.gov.uk', NULL, false, true, 0),
       ('09a684c5-ebb1-43b3-ac63-b53c1da20633', 'f925d6c5-d1be-4246-88ba-91bf77dbd101', 'SNI',
        'Programmes.Swinfen@justice.gov.uk', NULL, false, true, 0),
       ('b0be9ef7-668c-4719-896a-a4ec80956998', 'f82bad35-33ae-46b8-93d0-4ffbeb9a2bed', 'BNI',
        'Bullingdon.programmes@justice.gov.uk', NULL, false, true, 0),
       ('d36e7902-739e-4608-82db-9446f2907b43', 'afaa1816-d15b-4d3b-a1aa-22d2486ac38e', 'HLI',
        'programmeshull@justice.gov.uk', NULL, false, true, 0),
       ('f34f3933-4be8-4afb-a0cf-4f6fe45c9895', 'afaa1816-d15b-4d3b-a1aa-22d2486ac38e', 'BRI', 'obpbure@justice.gov.uk',
        NULL, false, true, 0),
       ('0d7addfb-831c-4193-b1a1-a124ed40efdc', 'afaa1816-d15b-4d3b-a1aa-22d2486ac38e', 'IWI',
        'programmesiow@justice.gov.uk', 'PsychologyIOW@justice.gov.uk', false, true, 0),
       ('76b9ae7a-0583-445b-a045-f3cd2793f499', 'afaa1816-d15b-4d3b-a1aa-22d2486ac38e', 'WDI',
        'AssessmentInterventionsCentre.Wakefield@justice.gov.uk', NULL, false, true, 0),
       ('09a684c5-ebb1-43b3-ac63-b53c1da20634', 'f925d6c5-d1be-4246-88ba-91bf77dbd101', 'FKI',
        'Psychologyandprogrammes.frankland@justice.gov.uk', NULL, false, true, 0),
       ('09a684c5-ebb1-43b3-ac63-b53c1da20635', 'f925d6c5-d1be-4246-88ba-91bf77dbd101', 'LPI',
        'programmes.liverpool@justice.gov.uk', NULL, false, true, 0),
       ('09a684c5-ebb1-43b3-ac63-b53c1da20636', 'f925d6c5-d1be-4246-88ba-91bf77dbd101', 'RSI',
        'programmesrisley@justice.gov.uk', NULL, false, true, 0),
       ('09a684c5-ebb1-43b3-ac63-b53c1da20671', 'f925d6c5-d1be-4246-88ba-91bf77dbd102', 'WMI',
        'programmeswymott@justice.gov.uk', NULL, false, true, 0),
       ('09a684c5-ebb1-43b3-ac63-b53c1da20672', 'f925d6c5-d1be-4246-88ba-91bf77dbd102', 'SNI',
        'Programmes.Swinfen@justice.gov.uk', NULL, false, true, 0),
       ('09a684c5-ebb1-43b3-ac63-b53c1da20673', 'f925d6c5-d1be-4246-88ba-91bf77dbd102', 'FKI',
        'Psychologyandprogrammes.frankland@justice.gov.uk', NULL, false, true, 0),
       ('507adea0-0a7b-4efe-9f61-2432a94ed23f', 'f82bad35-33ae-46b8-93d0-4ffbeb9a2bed', 'BCI',
        'programmesbuckleyhall@justice.gov.uk', '', true, false, 1),
       ('1c97190a-14b8-4814-8b3a-409b5dee9f8b', 'f82bad35-33ae-46b8-93d0-4ffbeb9a2bed', 'HII',
        'programmeshindley@justice.gov.uk', '', true, false, 1),
       ('fb3c5624-6665-405e-ae1b-863628b0bbe6', 'f82bad35-33ae-46b8-93d0-4ffbeb9a2bed', 'RSI',
        'programmesrisley@justice.gov.uk', '', true, false, 1),
       ('642d39d1-2bff-440e-a303-cd80ddb3ac13', 'f82bad35-33ae-46b8-93d0-4ffbeb9a2bed', 'LWI',
        'Programmes.lewes@justice.gov.uk', '', true, false, 1),
       ('6912e85c-17e4-40e4-accd-b1799adc24ba', 'f82bad35-33ae-46b8-93d0-4ffbeb9a2bed', 'BWI',
        'interventions.berwyn@justice.gov.uk', '', true, false, 1),
       ('f4afb917-841a-4113-a7e8-a4ea99ccd6cf', '5d29f8b5-7673-4366-af67-a84138461cc6', 'BWI',
        'interventions.berwyn@justice.gov.uk', '', true, false, 1),
       ('d1845dad-0afe-4d10-98f6-32c48e361839', 'afaa1816-d15b-4d3b-a1aa-22d2486ac38e', 'WTI',
        'whattonprogrammes@justice.gov.uk', '', false, false, 1),
       ('8b9b8e5e-d1cc-4ed7-8117-fc3e0fce3f84', '5d29f8b5-7673-4366-af67-a84138461cc6', 'WTI',
        'whattonprogrammes@justice.gov.uk', '', false, false, 1),
       ('6f2c684b-6e12-414a-a12c-4de670ac345f', '6491488f-8025-44d8-8c51-a06e41564232', 'WTI',
        'whattonprogrammes@justice.gov.uk', '', false, false, 1),
       ('3e7b0a86-86d8-4280-865c-c33eb528f31e', 'f82bad35-33ae-46b8-93d0-4ffbeb9a2bed', 'WMI',
        'programmeswymott@justice.gov.uk', '', true, false, 1),
       ('7ccc69de-5efc-4691-ac88-e2dfb3312311', 'afaa1816-d15b-4d3b-a1aa-22d2486ac38e', 'WMI',
        'programmeswymott@justice.gov.uk', '', true, false, 1),
       ('be0716d4-c5ec-4f54-af6b-18d87bf6aa54', 'b4af1bbc-1b30-434a-8edc-ae4880c05def', 'AYI',
        'programmesadmin.aylesbury@justice.gov.uk', NULL, false, true, 0),
       ('58d6c9fb-c73b-4cea-90d4-505bebe95433', 'cfe356ed-788c-49a3-bb3c-f1ee1a8012da', 'WTI',
        'whattonprogrammes@justice.gov.uk', '', false, false, 1),
       ('dcf3d024-cc48-4c57-9118-17118e4d717b', 'b4af1bbc-1b30-434a-8edc-ae4880c05def', 'SHI',
        'Programmes.StokeHeath2@justice.gov.uk', NULL, false, true, 0),
       ('b3a4f214-c76c-4197-8bdc-8274d5bffe74', 'b4af1bbc-1b30-434a-8edc-ae4880c05def', 'EEI',
        'Programmes.erlestoke@justice.gov.uk', NULL, false, true, 0),
       ('f3e7c094-4209-49bb-8ab9-c8b6a50be77a', '49de3ece-aaed-4309-976f-d2b223099d67', 'LTI',
        'programmeslittlehey@justice.gov.uk', NULL, true, true, 0),
       ('faede64f-144a-41fa-ba80-68575b107fab', '49de3ece-aaed-4309-976f-d2b223099d67', 'BRI', 'obpbure@justice.gov.uk',
        NULL, true, true, 0),
       ('bbca3b5a-5ff7-47d2-be27-2a363d5ff193', '2be8daf4-f23c-43bc-9e3c-884878eba285', 'AYI',
        'programmesadmin.aylesbury@justice.gov.uk', NULL, false, true, 0),
       ('04e42bef-c879-45c6-914f-2619ee3ca0c4', '49de3ece-aaed-4309-976f-d2b223099d67', 'SFI',
        'Programmesadmin.stafford@justice.gov.uk', NULL, true, true, 0),
       ('710a02dc-27b7-49d4-8882-fe0d3dc42338', '2be8daf4-f23c-43bc-9e3c-884878eba285', 'SHI',
        'Programmes.StokeHeath2@justice.gov.uk', NULL, false, true, 0),
       ('7f1b82e2-6384-4c26-8b31-325144fc3f59', '2be8daf4-f23c-43bc-9e3c-884878eba285', 'EEI',
        'Programmes.erlestoke@justice.gov.uk', NULL, false, true, 0),
       ('e06a4e94-e1ab-4757-8f30-cd8e5a314e95', '49de3ece-aaed-4309-976f-d2b223099d67', 'FKI',
        'Psychologyandprogrammes.frankland@justice.gov.uk', NULL, true, true, 0),
       ('8da9c93c-dc69-430f-8095-63443bfe7e81', '49de3ece-aaed-4309-976f-d2b223099d67', 'WTI',
        'whattonprogrammes@justice.gov.uk', NULL, true, true, 0),
       ('1ad4bd6e-a6c9-4dbb-9817-2cc953b1847c', '49de3ece-aaed-4309-976f-d2b223099d67', 'WDI',
        'AssessmentInterventionsCentre.Wakefield@justice.gov.uk', NULL, true, true, 0),
       ('505cf10f-3f2f-48fd-be88-3d5d023f9461', '8bdf26a2-c394-470e-a6d3-6d64c79eddd0', 'MTI',
        'Programmesthemount@justice.gov.uk', NULL, false, true, 0),
       ('c0ddeff6-8a47-4203-a1af-8185b4b4dbf4', '8bdf26a2-c394-470e-a6d3-6d64c79eddd0', 'EYI',
        'Elmley.programmes@justice.gov.uk', NULL, false, true, 0),
       ('cf7212e0-b638-467a-9a8d-755714e8242e', '8bdf26a2-c394-470e-a6d3-6d64c79eddd0', 'WLI',
        'Programmes.Wayland@justice.gov.uk', NULL, false, true, 0),
       ('dfc7a2ba-2e90-4b7a-abda-e51f62d9096f', '49de3ece-aaed-4309-976f-d2b223099d67', 'BNI',
        'Bullingdon.programmes@justice.gov.uk', NULL, true, true, 0),
       ('265629b5-706c-4984-9036-d110d38bb659', 'bb7e2591-20ae-4426-b0f2-ccccd7c49a40', 'LGI',
        'lowdham.programmes@justice.gov.uk', '', false, true, 1),
       ('2e9d7bb3-d345-46b5-8b7a-649bfb5691a9', '49de3ece-aaed-4309-976f-d2b223099d67', 'UKI',
        'ProgrammesUSK@justice.gov.uk', NULL, true, true, 0),
       ('2efefa61-d063-45cc-959b-40eb97171e9d', '49de3ece-aaed-4309-976f-d2b223099d67', 'IWI',
        'programmesiow@justice.gov.uk', 'PsychologyIOW@justice.gov.uk', true, true, 0),
       ('d7bac6da-2add-4367-8c8b-e9f1ec8e30fa', 'cfe356ed-788c-49a3-bb3c-f1ee1a8012da', 'LTI',
        'programmeslittlehey@justice.gov.uk', NULL, false, true, 0),
       ('9b3662d3-34b6-4161-9465-c456b3dfaa05', 'cfe356ed-788c-49a3-bb3c-f1ee1a8012da', 'HLI',
        'programmeshull@justice.gov.uk', NULL, false, true, 0),
       ('4c8bfb15-76e1-4753-8735-eaa321b3a406', '49de3ece-aaed-4309-976f-d2b223099d67', 'HLI',
        'programmeshull@justice.gov.uk', NULL, true, true, 0),
       ('abccbc1c-1d2a-4000-96b9-e1e6d48e06c1', 'cfe356ed-788c-49a3-bb3c-f1ee1a8012da', 'GHI',
        'ProgrammesGarth@justice.gov.uk', NULL, false, true, 0),
       ('7e57ce79-7713-4d5f-9091-cca514565f66', 'cfe356ed-788c-49a3-bb3c-f1ee1a8012da', 'NLI',
        'obpunorthumberland@justice.gov.uk', NULL, false, true, 0),
       ('64e6437e-a091-4632-80a3-e9092af35735', '65c8d904-5be1-4a7e-9b19-de7b217467fd', 'SLI',
        'ATBSheppeyCluster@justice.gov.uk', NULL, true, true, 0),
       ('ff20d862-57c0-4ca6-a514-f741852724fc', 'cfe356ed-788c-49a3-bb3c-f1ee1a8012da', 'UKI',
        'ProgrammesUSK@justice.gov.uk', NULL, false, true, 0),
       ('4c807800-4acb-43cc-bb4b-c123602e09a1', 'cfe356ed-788c-49a3-bb3c-f1ee1a8012da', 'MDI',
        'hmpmoorland.programmes@justice.gov.uk', NULL, false, true, 0),
       ('58634d38-56f0-42fd-af67-53f5455c7b42', 'cfe356ed-788c-49a3-bb3c-f1ee1a8012da', 'CWI',
        'Programmes.channingswood@justice.gov.uk', NULL, false, true, 0),
       ('526699dc-7351-47a9-b82f-3f27c4b01501', '65c8d904-5be1-4a7e-9b19-de7b217467fd', 'FNI',
        'FullSuttonPsychologyDepartmentalmailbox@justice.gov.uk', NULL, true, true, 0),
       ('14f8ee0b-8937-4849-8c85-62d705f3a657', 'cfe356ed-788c-49a3-bb3c-f1ee1a8012da', 'BRI', 'obpbure@justice.gov.uk',
        NULL, false, true, 0),
       ('bd8e757e-869d-4937-a305-e0025ff228f4', '65c8d904-5be1-4a7e-9b19-de7b217467fd', 'BAI',
        'ProgrammesBelmarsh@justice.gov.uk', NULL, true, true, 0),
       ('acdb582a-53a0-4225-abc3-7d5a4a8891cc', 'cfe356ed-788c-49a3-bb3c-f1ee1a8012da', 'IWI',
        'programmesiow@justice.gov.uk', 'PsychologyIOW@justice.gov.uk', false, true, 0),
       ('6a8e0c35-dedd-47a5-80f3-6fe09da02261', 'cfe356ed-788c-49a3-bb3c-f1ee1a8012da', 'BNI',
        'Bullingdon.programmes@justice.gov.uk', NULL, false, true, 0),
       ('dd6b4ae2-90e6-4ec5-951d-8be7059bace8', 'ee15fc84-a7a1-4e0b-94aa-f353828d246d', 'FNI',
        'FullSuttonPsychologyDepartmentalmailbox@justice.gov.uk', NULL, false, true, 0),
       ('277ed7b5-ec41-45ae-8664-8f9a2781de2c', 'ee15fc84-a7a1-4e0b-94aa-f353828d246d', 'MTI',
        'Programmesthemount@justice.gov.uk', NULL, false, true, 0),
       ('3ad1065b-b281-4779-94d2-eda2deba8a6b', '65c8d904-5be1-4a7e-9b19-de7b217467fd', 'LLI',
        'PsychologicalServices.LongLartin@justice.gov.uk', NULL, true, true, 0),
       ('e6aede1f-8225-475b-8438-93e4fe617302', 'ee15fc84-a7a1-4e0b-94aa-f353828d246d', 'MRI',
        'Programmes-manchester@justice.gov.uk', NULL, false, true, 0),
       ('2b2ab754-aac6-4b8b-9383-a87d5fb3abe5', 'ee15fc84-a7a1-4e0b-94aa-f353828d246d', 'LLI',
        'PsychologicalServices.LongLartin@justice.gov.uk', NULL, false, true, 0),
       ('042fd14a-5dac-4aa5-942f-ead2e2152f42', 'ee15fc84-a7a1-4e0b-94aa-f353828d246d', 'GHI',
        'ProgrammesGarth@justice.gov.uk', NULL, false, true, 0),
       ('74ced05e-09d5-48d8-8a15-75f2b5f90138', 'ee15fc84-a7a1-4e0b-94aa-f353828d246d', 'BAI',
        'ProgrammesBelmarsh@justice.gov.uk', NULL, false, true, 0),
       ('91ac3dbb-984b-4972-aa95-d1fcf1b58e61', '65c8d904-5be1-4a7e-9b19-de7b217467fd', 'MRI',
        'Programmes-manchester@justice.gov.uk', NULL, true, true, 0),
       ('9b67c2b1-9630-4a36-84e3-8c276c4cabc6', 'ee15fc84-a7a1-4e0b-94aa-f353828d246d', 'WRI',
        'PsychologyAdmin.Whitemoor@justice.gov.uk', NULL, false, true, 0),
       ('47198b4b-1fa4-431e-9226-d7f0716cb90c', 'ee15fc84-a7a1-4e0b-94aa-f353828d246d', 'AYI',
        'programmesadmin.aylesbury@justice.gov.uk', NULL, false, true, 0),
       ('0ed55bda-0e7a-48b7-88e1-8412f9159ddb', '65c8d904-5be1-4a7e-9b19-de7b217467fd', 'WRI',
        'PsychologyAdmin.Whitemoor@justice.gov.uk', NULL, true, true, 0),
       ('0c7aef2f-8276-4006-afb5-f0a04916f8eb', '65c8d904-5be1-4a7e-9b19-de7b217467fd', 'GHI',
        'ProgrammesGarth@justice.gov.uk', NULL, true, true, 0),
       ('aa698a15-cfb2-4b39-909e-97d8e05b5f97', '65c8d904-5be1-4a7e-9b19-de7b217467fd', 'WDI',
        'AssessmentInterventionsCentre.Wakefield@justice.gov.uk', NULL, true, true, 0),
       ('7067f2bc-8851-4d72-95c5-1d9261592875', 'ee15fc84-a7a1-4e0b-94aa-f353828d246d', 'ISI',
        'Interventions.isis@justice.gov.uk', NULL, false, true, 0),
       ('bacbdf66-1766-4d1b-92f3-676541774f0c', '6c5ddecb-e972-46d2-8d0b-43b03a6c01fd', 'CWI',
        'Programmes.channingswood@justice.gov.uk', NULL, false, true, 0),
       ('051bb1fd-e728-4f06-927c-22b48086bc8b', 'bb7e2591-20ae-4426-b0f2-ccccd7c49a40', 'PRI', 'anna.brunt@uk.g4s.com',
        NULL, false, true, 0),
       ('c88fa1ab-4edc-4361-ac9d-4acad87172e0', '49de3ece-aaed-4309-976f-d2b223099d67', 'WMI',
        'programmeswymott@justice.gov.uk', NULL, true, true, 0),
       ('19903fb3-18d3-4c1c-9e3a-2767fb566d21', '8bdf26a2-c394-470e-a6d3-6d64c79eddd0', 'GTI',
        'PsychologyandProgrammes.Gartree@justice.gov.uk', 'GartreeTherapeuticCommunity@justice.gov.uk', false, true, 0),
       ('f7b99265-cb23-4859-a610-2a3a35225d94', 'ee15fc84-a7a1-4e0b-94aa-f353828d246d', 'FMI',
        'Programmes.Feltham@justice.gov.uk', NULL, false, true, 0),
       ('09a684c5-ebb1-43b3-ac63-b53c1da20674', 'f925d6c5-d1be-4246-88ba-91bf77dbd102', 'BCI',
        'programmesbuckleyhall@justice.gov.uk', NULL, false, true, 0),
       ('09a684c5-ebb1-43b3-ac63-b53c1da20675', 'f925d6c5-d1be-4246-88ba-91bf77dbd102', 'HII',
        'programmeshindley@justice.gov.uk', NULL, false, true, 0),
       ('09a684c5-ebb1-43b3-ac63-b53c1da20676', 'f925d6c5-d1be-4246-88ba-91bf77dbd102', 'LPI',
        'programmes.liverpool@justice.gov.uk', NULL, false, true, 0),
       ('09a684c5-ebb1-43b3-ac63-b53c1da20677', 'f925d6c5-d1be-4246-88ba-91bf77dbd102', 'BWI',
        'interventions.berwyn@justice.gov.uk', NULL, false, true, 0),
       ('09a684c5-ebb1-43b3-ac63-b53c1da20678', 'f925d6c5-d1be-4246-88ba-91bf77dbd102', 'RSI',
        'programmesrisley@justice.gov.uk', NULL, false, true, 0),
       ('09a684c5-ebb1-43b3-ac63-b53c1da20679', 'f925d6c5-d1be-4246-88ba-91bf77dbd102', 'FBI',
        'programmes@sodexogov.co.uk', NULL, false, true, 0),
       ('09a684c5-ebb1-43b3-ac63-b53c1da20680', 'f925d6c5-d1be-4246-88ba-91bf77dbd102', 'ACI',
        'AC.AccreditedInterventions@sodexogov.co.uk', NULL, false, true, 0),
       ('09a684c5-ebb1-43b3-ac63-b53c1da20681', 'f925d6c5-d1be-4246-88ba-91bf77dbd102', 'LFI',
        'programmes.lancasterfarms@justice.gov.uk', NULL, false, true, 0),
       ('09a684c5-ebb1-43b3-ac63-b53c1da20682', 'f925d6c5-d1be-4246-88ba-91bf77dbd102', 'DHI', 'TBC', NULL, false, true,
        0),
       ('09a684c5-ebb1-43b3-ac63-b53c1da20683', 'f925d6c5-d1be-4246-88ba-91bf77dbd102', 'NHI',
        'Newhall.programmes@justice.gov.uk', NULL, false, true, 0),
       ('09a684c5-ebb1-43b3-ac63-b53c1da20684', 'f925d6c5-d1be-4246-88ba-91bf77dbd102', 'LNI',
        'programmes.lownewton@justice.gov.uk', NULL, false, true, 0),
       ('09a684c5-ebb1-43b3-ac63-b53c1da20640', 'f925d6c5-d1be-4246-88ba-91bf77dbd201', 'WTI',
        'whattonprogrammes@justice.gov.uk', NULL, false, true, 0),
       ('09a684c5-ebb1-43b3-ac63-b53c1da20641', 'f925d6c5-d1be-4246-88ba-91bf77dbd201', 'WMI',
        'programmeswymott@justice.gov.uk', NULL, false, true, 0),
       ('09a684c5-ebb1-43b3-ac63-b53c1da20642', 'f925d6c5-d1be-4246-88ba-91bf77dbd201', 'SFI',
        'Programmesadmin.stafford@justice.gov.uk', NULL, false, true, 0),
       ('09a684c5-ebb1-43b3-ac63-b53c1da20643', 'f925d6c5-d1be-4246-88ba-91bf77dbd201', 'SNI',
        'Programmes.Swinfen@justice.gov.uk', NULL, false, true, 0),
       ('09a684c5-ebb1-43b3-ac63-b53c1da20644', 'f925d6c5-d1be-4246-88ba-91bf77dbd201', 'FKI',
        'Psychologyandprogrammes.frankland@justice.gov.uk', NULL, false, true, 0),
       ('648dbf55-589e-47af-9c1c-d10e60892eda', '6491488f-8025-44d8-8c51-a06e41564232', 'RHI',
        'programmesfunctionalmailbox@uk.g4s.com', NULL, false, true, 0),
       ('ae3458e9-d0a2-44cc-a674-235a1fb57555', '6491488f-8025-44d8-8c51-a06e41564232', 'ASI',
        'Ashfield_programmes@serco.com', NULL, false, true, 0),
       ('0ef64f8b-79af-4edf-81bb-9286c18ba912', 'f82bad35-33ae-46b8-93d0-4ffbeb9a2bed', 'PFI',
        'PBProgrammes@sodexogov.co.uk', NULL, false, true, 0),
       ('67d849e3-255b-4ab2-a4d9-4741455ed059', 'f82bad35-33ae-46b8-93d0-4ffbeb9a2bed', 'FBI',
        'programmes@sodexogov.co.uk', NULL, false, true, 0),
       ('357ba1e7-866d-4d05-8b65-b3878e2077b7', 'f82bad35-33ae-46b8-93d0-4ffbeb9a2bed', 'DGI',
        'Dovegate.OBFacilitators@serco.com', NULL, false, true, 0),
       ('c7cbe43f-1344-49cf-a53d-ed4351de09d4', 'f82bad35-33ae-46b8-93d0-4ffbeb9a2bed', 'DNI',
        'Programmes.Doncaster@serco.com', NULL, false, true, 0),
       ('faf78d84-65a9-46c4-b9ad-74f1837c1b01', '49de3ece-aaed-4309-976f-d2b223099d67', 'ASI',
        'Ashfield_programmes@serco.com', NULL, true, true, 0),
       ('855beaae-6bc9-4d69-9cbd-31d2cc4ae5c0', 'f82bad35-33ae-46b8-93d0-4ffbeb9a2bed', 'OWI',
        'interventions.oakwood@uk.g4s.com', NULL, false, true, 0),
       ('aa48aa72-69cb-4f99-8dec-1a91c2803dff', 'f82bad35-33ae-46b8-93d0-4ffbeb9a2bed', 'FWI',
        'stephen.gravett@uk.g4s.com', NULL, false, true, 0),
       ('edb5ecb2-8958-4b44-be88-cf3b7fdc87f1', 'f82bad35-33ae-46b8-93d0-4ffbeb9a2bed', 'PBI',
        'PBProgrammes@sodexogov.co.uk', NULL, false, true, 0),
       ('fdf8f999-57d0-4c30-81f9-23ea88fbe81d', '5586e1f3-ae72-44d0-b047-f1e3dc69198b', 'BWI',
        'interventions.berwyn@justice.gov.uk', NULL, false, true, 0),
       ('1b2a733d-ca86-4118-a45d-f5a6ffe991de', '5586e1f3-ae72-44d0-b047-f1e3dc69198b', 'WDI',
        'AssessmentInterventionsCentre.Wakefield@justice.gov.uk', NULL, false, true, 0),
       ('122d1093-fff2-4c24-980b-ece2e655918a', '5586e1f3-ae72-44d0-b047-f1e3dc69198b', 'WTI',
        'whattonprogrammes@justice.gov.uk', NULL, false, true, 0),
       ('6411943d-e8ce-437e-88b2-e63e5efe7dc7', '5586e1f3-ae72-44d0-b047-f1e3dc69198b', 'RHI',
        'programmesfunctionalmailbox@uk.g4s.com', NULL, false, true, 0),
       ('57b37502-010a-4071-bb20-bef55167a51d', '5586e1f3-ae72-44d0-b047-f1e3dc69198b', 'GMI',
        'Progammes.guysmarsh@justice.gov.uk', NULL, false, true, 0),
       ('63383563-1fb1-486b-9fcc-43e6d61add1f', '5586e1f3-ae72-44d0-b047-f1e3dc69198b', 'NLI',
        'obpunorthumberland@justice.gov.uk', NULL, false, true, 0),
       ('c7ee6552-0b4d-4122-a0ae-0b2c819cbc79', '5586e1f3-ae72-44d0-b047-f1e3dc69198b', 'AYI',
        'programmesadmin.aylesbury@justice.gov.uk', NULL, false, true, 0),
       ('837819b4-3c0c-4240-a9ea-ca3f1f8f597b', '5586e1f3-ae72-44d0-b047-f1e3dc69198b', 'GHI',
        'ProgrammesGarth@justice.gov.uk', NULL, false, true, 0),
       ('05e39c73-9bd6-480e-b1cc-3f6af0afdb4b', '5586e1f3-ae72-44d0-b047-f1e3dc69198b', 'BRI', 'obpbure@justice.gov.uk',
        NULL, false, true, 0),
       ('28f892cf-caec-4e9a-bb83-3115de0e8115', '5586e1f3-ae72-44d0-b047-f1e3dc69198b', 'BNI',
        'Bullingdon.programmes@justice.gov.uk', NULL, false, true, 0),
       ('dd9ac43c-9fa0-46a5-92df-df8773940b6f', '5586e1f3-ae72-44d0-b047-f1e3dc69198b', 'PBI',
        'PBProgrammes@sodexogov.co.uk', NULL, false, true, 0),
       ('9aef03a9-507c-4eb2-9e9d-22bf639cf459', '5586e1f3-ae72-44d0-b047-f1e3dc69198b', 'LGI',
        'lowdham_programmes@serco.onmicrosoft.com', NULL, false, true, 0),
       ('ef7e9c86-1a80-4eb4-8583-818024524cc6', '5586e1f3-ae72-44d0-b047-f1e3dc69198b', 'RSI',
        'programmesrisley@justice.gov.uk', NULL, false, true, 0),
       ('68eabb03-4fba-4dac-9d30-264114243a81', '5586e1f3-ae72-44d0-b047-f1e3dc69198b', 'IWI',
        'programmesiow@justice.gov.uk', 'PsychologyIOW@justice.gov.uk', false, true, 0),
       ('c822ec9a-2d21-4b76-ba95-2e48c27073b5', '5586e1f3-ae72-44d0-b047-f1e3dc69198b', 'CWI',
        'Programmes.channingswood@justice.gov.uk', NULL, false, true, 0),
       ('6e28baaa-41c0-42fa-be22-9f2aa3312e6a', '5586e1f3-ae72-44d0-b047-f1e3dc69198b', 'WLI',
        'Programmes.Wayland@justice.gov.uk', NULL, false, true, 0),
       ('eacbb855-8a61-40d8-b064-49354c33e5c8', '5586e1f3-ae72-44d0-b047-f1e3dc69198b', 'HMI',
        'programmeshumber@justice.gov.uk', NULL, false, true, 0),
       ('87ab74e4-b74a-4b65-94cc-add1280e56d3', '5586e1f3-ae72-44d0-b047-f1e3dc69198b', 'SHI',
        'Programmes.StokeHeath2@justice.gov.uk', NULL, false, true, 0),
       ('9236439a-4e51-4f5e-a4cf-7185a2d13932', '5586e1f3-ae72-44d0-b047-f1e3dc69198b', 'HOI',
        'Programmes.highdown@justice.gov.uk', NULL, false, true, 0),
       ('42596fc3-f97e-4c15-b788-842a408934cc', '5586e1f3-ae72-44d0-b047-f1e3dc69198b', 'BSI',
        'programmes.brinsford@justice.gov.uk', NULL, false, true, 0),
       ('a010b757-5748-41d0-9e21-2db5298d5fca', 'afaa1816-d15b-4d3b-a1aa-22d2486ac38e', 'RHI',
        'programmesfunctionalmailbox@uk.g4s.com', NULL, false, true, 0),
       ('29cd15eb-100e-4546-94e9-8e5b792f27e4', '8bdf26a2-c394-470e-a6d3-6d64c79eddd0', 'RHI',
        'programmesfunctionalmailbox@uk.g4s.com', NULL, false, true, 0),
       ('e8caa92b-eedd-4e4a-bb3c-aa0c88c6400a', '8bdf26a2-c394-470e-a6d3-6d64c79eddd0', 'OWI',
        'interventions.oakwood@uk.g4s.com', NULL, false, true, 0),
       ('aa462b00-92ff-4720-8eda-443ae85d6379', 'cfe356ed-788c-49a3-bb3c-f1ee1a8012da', 'RHI',
        'programmesfunctionalmailbox@uk.g4s.com', NULL, false, true, 0),
       ('2ab72dc5-16c4-4c5f-8edc-98f18bfce672', 'cfe356ed-788c-49a3-bb3c-f1ee1a8012da', 'DRI',
        'Programmes.Doncaster@serco.com', NULL, false, true, 0),
       ('c2a485fb-23c9-44b9-a34b-ac19830db565', 'cfe356ed-788c-49a3-bb3c-f1ee1a8012da', 'ASI',
        'Ashfield_programmes@serco.com', NULL, false, true, 0),
       ('2feb0863-a9ea-41a0-b2bf-fd0baae7465e', 'ee15fc84-a7a1-4e0b-94aa-f353828d246d', 'DNI',
        'Programmes.Doncaster@serco.com', NULL, false, true, 0),
       ('c6452d21-79c5-4d22-a827-a13a7fbdd1be', '49de3ece-aaed-4309-976f-d2b223099d67', 'DAI',
        'programmes.dartmoor@justice.gov.uk', NULL, true, true, 0),
       ('5722c3cc-647b-4b96-b6ec-d635ad7ccb5a', 'f82bad35-33ae-46b8-93d0-4ffbeb9a2bed', 'LGI',
        'lowdham.programmes@justice.gov.uk', '', false, true, 1),
       ('a0e0e208-e8ea-428c-ac82-39ac26de27ef', 'f82bad35-33ae-46b8-93d0-4ffbeb9a2bed', 'PRI', 'anna.brunt@uk.g4s.com',
        NULL, false, true, 0),
       ('41645d79-8982-49a2-8615-ef5e8614cf11', '5586e1f3-ae72-44d0-b047-f1e3dc69198b', 'PRI', 'anna.brunt@uk.g4s.com',
        NULL, false, true, 0),
       ('7f8e66e0-ec1a-43b9-b94d-2215d38a8b06', '65c8d904-5be1-4a7e-9b19-de7b217467fd', 'PRI', 'anna.brunt@uk.g4s.com',
        NULL, true, true, 0),
       ('e7623ff6-607a-43d0-884d-dd9fb8ca1962', '8bdf26a2-c394-470e-a6d3-6d64c79eddd0', 'PRI', 'anna.brunt@uk.g4s.com',
        NULL, false, true, 0),
       ('09a684c5-ebb1-43b3-ac63-b53c1da20645', 'f925d6c5-d1be-4246-88ba-91bf77dbd201', 'LPI',
        'programmes.liverpool@justice.gov.uk', NULL, false, true, 0),
       ('09a684c5-ebb1-43b3-ac63-b53c1da20646', 'f925d6c5-d1be-4246-88ba-91bf77dbd201', 'RSI',
        'programmesrisley@justice.gov.uk', NULL, false, true, 0),
       ('09a684c5-ebb1-43b3-ac63-b53c1da20651', 'f925d6c5-d1be-4246-88ba-91bf77dbd202', 'WMI',
        'programmeswymott@justice.gov.uk', NULL, false, true, 0),
       ('09a684c5-ebb1-43b3-ac63-b53c1da20653', 'f925d6c5-d1be-4246-88ba-91bf77dbd202', 'SNI',
        'Programmes.Swinfen@justice.gov.uk', NULL, false, true, 0),
       ('09a684c5-ebb1-43b3-ac63-b53c1da20654', 'f925d6c5-d1be-4246-88ba-91bf77dbd202', 'FKI',
        'Psychologyandprogrammes.frankland@justice.gov.uk', NULL, false, true, 0),
       ('09a684c5-ebb1-43b3-ac63-b53c1da20655', 'f925d6c5-d1be-4246-88ba-91bf77dbd202', 'BCI',
        'programmesbuckleyhall@justice.gov.uk', NULL, false, true, 0),
       ('09a684c5-ebb1-43b3-ac63-b53c1da20656', 'f925d6c5-d1be-4246-88ba-91bf77dbd202', 'HII',
        'programmeshindley@justice.gov.uk', NULL, false, true, 0),
       ('09a684c5-ebb1-43b3-ac63-b53c1da20657', 'f925d6c5-d1be-4246-88ba-91bf77dbd202', 'LPI',
        'programmes.liverpool@justice.gov.uk', NULL, false, true, 0),
       ('09a684c5-ebb1-43b3-ac63-b53c1da20658', 'f925d6c5-d1be-4246-88ba-91bf77dbd202', 'BWI',
        'interventions.berwyn@justice.gov.uk', NULL, false, true, 0),
       ('09a684c5-ebb1-43b3-ac63-b53c1da20659', 'f925d6c5-d1be-4246-88ba-91bf77dbd202', 'RSI',
        'programmesrisley@justice.gov.uk', NULL, false, true, 0),
       ('09a684c5-ebb1-43b3-ac63-b53c1da20660', 'f925d6c5-d1be-4246-88ba-91bf77dbd202', 'FBI',
        'programmes@sodexogov.co.uk', NULL, false, true, 0),
       ('09a684c5-ebb1-43b3-ac63-b53c1da20661', 'f925d6c5-d1be-4246-88ba-91bf77dbd202', 'ACI',
        'AC.AccreditedInterventions@sodexogov.co.uk', NULL, false, true, 0),
       ('09a684c5-ebb1-43b3-ac63-b53c1da20662', 'f925d6c5-d1be-4246-88ba-91bf77dbd202', 'LFI',
        'programmes.lancasterfarms@justice.gov.uk', NULL, false, true, 0),
       ('09a684c5-ebb1-43b3-ac63-b53c1da20663', 'f925d6c5-d1be-4246-88ba-91bf77dbd202', 'DHI', 'TBC', NULL, false, true,
        0),
       ('09a684c5-ebb1-43b3-ac63-b53c1da20664', 'f925d6c5-d1be-4246-88ba-91bf77dbd202', 'NHI',
        'Newhall.programmes@justice.gov.uk', NULL, false, true, 0),
       ('09a684c5-ebb1-43b3-ac63-b53c1da20665', 'f925d6c5-d1be-4246-88ba-91bf77dbd202', 'LNI',
        'programmes.lownewton@justice.gov.uk', NULL, false, true, 0),
       ('71bcd230-953c-4291-a88b-d370d523ad72', '5586e1f3-ae72-44d0-b047-f1e3dc69198b', 'WMI',
        'programmeswymott@justice.gov.uk', NULL, true, true, 0),
       ('0a014274-c831-4cfb-b96b-0097ad1b01f6', '8bdf26a2-c394-470e-a6d3-6d64c79eddd0', 'PCI',
        'ProgrammesReferralsRochester@justice.gov.uk', NULL, true, true, 0),
       ('2b19a208-bee7-4942-9103-eb34dc588ac1', '8bdf26a2-c394-470e-a6d3-6d64c79eddd0', 'DGI',
        'Dovegate.OBFacilitators@serco.com', 'Dovegate-tpreferrals@serco.com', false, true, 0),
       ('b1a64f58-b835-4a39-846a-6facbbbdc937', 'ee15fc84-a7a1-4e0b-94aa-f353828d246d', 'DGI',
        'Dovegate.OBFacilitators@serco.com', 'Dovegate-tpreferrals@serco.com', false, true, 0);

INSERT INTO intervention_catalogue_to_course_map(intervention_catalogue_id, course_id)
VALUES
    -- Building Better Relationships
    ('4902a268-9907-4070-ba48-7c2870a3b77e', '8bdf26a2-c394-470e-a6d3-6d64c79eddd0'),
    -- Healthy Identity Intervention
    ('d61fc961-243e-4321-bafb-5d71e1fd13a4', '65c8d904-5be1-4a7e-9b19-de7b217467fd'),
    -- Healthy Sex Programme
    ('432b2353-b794-4b12-8018-6c7ede6a1ed6', '49de3ece-aaed-4309-976f-d2b223099d67'),
    -- Horizon
    ('a6c18ff3-83bd-4ad2-bcbe-1db3fb55a341', 'cfe356ed-788c-49a3-bb3c-f1ee1a8012da'),
    -- Thinking Skills Programme
    ('94af0e1f-f55f-4422-afc5-536178c63b5f', 'f82bad35-33ae-46b8-93d0-4ffbeb9a2bed');